SalePrice,Garage Cars,Gr Liv Area,Overall Qual,Year Built,Lot Area
215000,2.0,1656,6,1960,31770
105000,1.0,896,5,1961,11622
172000,1.0,1329,6,1958,14267
244000,2.0,2110,7,1968,11160
189900,2.0,1629,5,1997,13830
195500,2.0,1604,6,1998,9978
213500,2.0,1338,8,2001,4920
191500,2.0,1280,8,1992,5005
236500,2.0,1616,8,1995,5389
189000,2.0,1804,7,1999,7500
175900,2.0,1655,6,1993,10000
185000,2.0,1187,6,1992,7980
180400,2.0,1465,6,1998,8402
171500,2.0,1341,7,1990,10176
212000,2.0,1502,8,1985,6820
538000,3.0,3279,8,2003,53504
164000,2.0,1752,8,1988,12134
394432,3.0,1856,9,2010,11394
141000,2.0,864,4,1951,19138
210000,2.0,2073,6,1978,13175
190000,2.0,1844,6,1977,11751
170000,2.0,1173,7,1974,10625
216000,2.0,1674,7,2000,7500
149000,2.0,1004,6,1970,11241
149900,2.0,1078,5,1971,12537
142000,1.0,1056,5,1968,8450
126000,2.0,882,4,1970,8400
115000,0.0,864,4,1971,10500
184000,2.0,1337,7,1999,5858
96000,1.0,987,6,1971,1680
105500,1.0,1092,5,1971,1680
88000,1.0,1092,6,1971,1680
127500,2.0,1069,6,1977,4043
149900,2.0,1456,6,1975,2280
120000,1.0,836,7,1975,2280
146000,2.0,1456,6,1978,2280
376162,3.0,2334,9,2009,12858
306000,3.0,1704,8,2007,11478
395192,3.0,1940,9,2009,10159
290941,3.0,1544,8,2009,12883
220000,2.0,1541,7,2005,12182
275000,3.0,1698,9,2005,11520
259000,3.0,1822,8,2005,14122
214000,2.0,1535,7,2004,10171
611657,3.0,2364,9,2009,12919
224000,2.0,1358,7,2009,6371
500000,3.0,2696,9,2003,14300
320000,3.0,2250,8,2002,13650
319900,2.0,1752,9,2005,7658
205000,2.0,1370,8,2006,7132
175500,2.0,1626,7,2003,2628
199500,2.0,1324,6,2005,18494
160000,2.0,1145,7,2006,3203
192000,2.0,1269,8,2004,3182
184500,2.0,1374,7,2004,13300
216500,2.0,1960,6,2002,7851
185088,2.0,1733,7,2004,8577
180000,2.0,1430,7,2000,7750
222500,2.0,2035,7,2001,9505
333168,3.0,2599,9,1999,14774
355000,3.0,2475,8,1998,17433
260400,2.0,1720,7,1996,10593
325000,2.0,2622,8,1994,12256
290000,3.0,2270,8,1999,11764
221000,2.0,1839,7,1998,16770
410000,3.0,3238,8,1995,14720
221500,3.0,1595,8,2005,8987
204500,2.0,1218,7,2009,9215
215200,2.0,1547,7,2009,8640
262500,2.0,1566,8,2008,9000
254900,2.0,1947,7,2004,12552
271500,2.0,1468,6,2005,10440
233000,2.0,2084,7,2004,10142
181000,2.0,1659,7,2004,11920
205000,2.0,2110,7,1994,8880
143000,1.0,923,6,1980,8012
189000,2.0,1845,6,1992,11218
99500,1.0,918,6,1979,7892
125000,1.0,752,6,1984,7175
194500,2.0,1744,7,1993,9453
152000,2.0,1097,6,1984,9672
171000,2.0,1564,6,1980,8400
67500,1.0,1012,5,1920,9800
112000,2.0,1902,6,1978,8930
148000,2.0,1155,5,1961,11782
138500,1.0,894,5,1965,8450
122000,1.0,900,5,1967,9819
133000,1.0,1040,5,1963,7500
127000,1.0,1040,5,1962,6897
169000,2.0,1494,6,1974,15410
190000,2.0,1923,7,1992,10186
362500,3.0,2349,8,1993,13143
285000,3.0,2225,8,1992,11134
260000,2.0,1488,7,2004,4835
190000,2.0,1680,7,2004,3515
155000,2.0,1200,7,2004,3215
151000,2.0,1200,7,2004,3182
149500,2.0,1200,7,2004,2544
152000,2.0,1236,6,2005,2544
222000,2.0,1478,7,2009,4403
177500,2.0,1573,6,2000,2117
177000,2.0,1512,6,2000,2980
155000,2.0,1416,7,1999,2572
147110,2.0,1080,7,2003,2403
267916,3.0,1418,8,2010,12853
254000,2.0,1848,8,2000,7379
155000,2.0,788,8,1980,4420
206000,2.0,1226,8,1978,3880
130500,2.0,1479,6,1976,13517
230000,2.0,1492,7,2002,8000
218500,2.0,1829,6,1967,10456
243500,2.0,2495,6,1993,10791
205000,2.0,1610,6,1977,10603
212500,2.0,1891,6,1978,18837
196500,2.0,1714,7,1988,10421
197500,2.0,1381,6,1972,9360
171000,2.0,1645,6,1971,9600
142250,2.0,1232,5,1966,9600
143000,2.0,1328,6,1963,9790
128950,0.0,1225,4,1959,9320
159000,2.0,1209,5,1966,9900
178900,2.0,1510,5,1967,9680
136300,2.0,1775,6,1964,10600
180500,2.0,1152,5,1964,14112
137500,2.0,1054,6,1963,8800
84900,0.0,1728,5,1962,13260
142125,1.0,1078,5,1950,9717
197600,2.0,2461,5,1952,9724
172500,2.0,1556,6,1949,17360
116500,0.0,858,5,1958,7207
76500,0.0,1306,3,1940,5350
128000,1.0,1063,5,1954,9920
153000,1.0,1520,6,1955,9600
132000,1.0,1268,5,1954,7800
178000,1.0,1128,6,1966,11380
154300,2.0,2274,5,1960,11600
180000,2.0,2207,7,1970,19900
190000,2.0,1888,6,1966,16492
135000,2.0,1604,5,1958,8267
214000,2.0,1480,7,2003,8197
136000,1.0,1143,5,1959,8050
165500,2.0,1700,5,1959,10552
145000,1.0,1314,5,1957,8400
148000,1.0,1194,6,1959,8760
142000,2.0,1188,5,1959,12160
167500,2.0,1264,5,1960,9300
108538,1.0,1206,5,1959,10725
159500,2.0,1580,6,1959,10032
108000,1.0,1337,4,1956,8382
135000,1.0,1064,5,1952,10950
122500,1.0,972,5,1955,10895
119000,1.0,988,5,1958,13587
109000,1.0,1057,5,1953,7922
105000,2.0,985,4,1920,7898
107500,1.0,827,5,1955,7200
144900,2.0,1086,5,1954,10200
129000,1.0,936,5,1956,5868
97500,1.0,1458,6,1948,17503
144000,2.0,1056,6,1980,6979
162000,2.0,1287,5,1959,9830
242000,2.0,2978,7,1967,11275
132000,1.0,1224,6,1948,8064
154000,1.0,1246,5,1959,7500
166000,2.0,1385,5,1952,8520
134800,2.0,900,5,1951,7200
160000,2.0,1116,6,1962,10000
148000,2.0,1175,5,1960,7635
192000,2.0,1395,6,1963,9760
155000,2.0,1839,6,1966,7700
80400,1.0,1844,4,1900,4800
96500,0.0,1140,4,1910,8800
109500,0.0,936,5,1920,4485
115000,2.0,1028,5,1927,8960
143000,2.0,1347,5,1957,5805
107400,1.0,1605,3,1915,5790
80000,1.0,747,4,1945,4608
119000,1.0,804,5,1940,7200
130000,2.0,1316,5,1929,5500
119000,1.0,1251,6,1938,6900
129000,1.0,1633,5,1948,11851
100000,1.0,1245,5,1920,8239
12789,2.0,832,2,1923,9656
105900,2.0,720,6,1928,8520
150000,1.0,1566,8,1900,9600
139000,1.0,1652,5,1915,10800
240000,2.0,2268,8,1890,9000
76500,0.0,2256,5,1910,9045
149700,2.0,1236,6,1957,7407
125500,2.0,1363,4,1910,7740
122500,2.0,2290,4,1885,11340
140750,2.0,1470,6,1922,10560
128500,1.0,1612,5,1950,5830
209500,1.0,2068,7,1922,7793
87000,1.0,765,4,1925,5000
134000,1.0,1132,6,1939,6000
128000,2.0,1196,6,1940,6000
132000,1.0,1453,5,1942,6360
139900,1.0,1416,6,1948,6000
123900,2.0,1040,5,1936,6240
138400,2.0,1536,5,1930,6240
109500,1.0,1068,6,1923,6120
140000,2.0,1710,7,1921,10300
149500,2.0,1962,4,1915,8094
159900,0.0,1560,6,1912,12900
122000,1.0,1324,6,1920,3068
110000,2.0,816,5,1963,8472
55000,0.0,1092,4,1930,5600
140000,2.0,1812,5,1900,7630
244400,1.0,2403,7,1940,24090
173000,1.0,1675,5,1959,15263
107500,1.0,1224,5,1917,10632
100000,0.0,1392,5,1915,9900
95000,1.0,919,6,1940,6001
93369,0.0,1884,4,1907,6449
114900,2.0,1680,5,1910,6048
94000,0.0,1020,5,1875,6342
136000,0.0,1832,4,1967,10773
136500,0.0,1768,4,1968,10778
131500,2.0,1039,5,1965,11625
121500,2.0,1392,5,1957,11341
125000,1.0,912,5,1967,8521
154000,1.0,1060,5,1968,8246
137900,1.0,892,5,1966,7800
158000,1.0,1352,6,1969,9364
137250,1.0,864,5,1968,7832
160250,2.0,1373,5,1978,7424
163000,2.0,1440,5,1968,11227
158900,2.0,1386,6,1978,11616
328000,2.0,2260,7,1996,14000
270000,2.0,1483,7,1977,20062
85000,2.0,756,4,1927,9259
128000,2.0,1067,4,1950,9600
260000,2.0,1524,7,1979,23595
230000,2.0,1981,6,1978,17082
124000,1.0,1610,3,1938,18600
83000,1.0,835,5,1920,10625
144500,1.0,1074,6,1950,11479
129000,1.0,1144,5,1956,9571
127000,1.0,1531,4,1947,9350
128000,1.0,1172,5,1954,9525
186000,2.0,1212,6,2009,10420
308030,2.0,1508,7,2009,17485
114000,2.0,1298,5,1964,11200
84900,1.0,930,4,1946,11100
178000,2.0,1732,6,1985,9206
270000,2.0,1433,7,1987,11980
218000,4.0,1802,6,1993,12361
236000,2.0,1949,7,1993,9938
147000,2.0,996,6,1992,9069
245350,3.0,1694,8,2008,10475
206000,2.0,1208,7,2006,6762
198900,3.0,1226,7,2009,10402
187000,2.0,1222,7,2010,7360
320000,3.0,3222,7,1990,12376
138500,2.0,1445,6,1900,14235
155000,2.0,1052,6,1971,8816
159000,2.0,965,5,1996,11105
191000,2.0,1692,7,1997,9337
200500,2.0,1682,6,1998,8750
150000,1.0,1026,5,1977,15240
161750,1.0,1392,6,1977,10900
128200,1.0,894,5,1976,10650
127000,2.0,876,5,1972,7480
318000,3.0,1978,8,2003,10389
272000,2.0,1601,8,2001,11423
237000,2.0,1829,7,2003,9548
240000,2.0,2098,7,1997,9375
224900,2.0,1661,7,1998,12137
143750,2.0,848,6,2003,4435
143000,2.0,848,6,2004,4426
232000,2.0,1668,8,2003,10635
213000,2.0,1484,7,2004,8400
185500,2.0,1414,7,2004,8773
84900,1.0,640,3,1945,8777
155891,1.0,992,5,1954,8842
100000,0.0,1664,5,1965,9825
144000,1.0,1196,5,1968,10044
64000,2.0,1120,4,1948,11792
125200,1.0,1096,6,1975,6305
107000,2.0,1117,6,1976,7819
90000,0.0,960,4,1958,6410
140000,2.0,1121,4,2003,8546
113000,1.0,1487,6,1945,8741
80000,1.0,924,4,1941,12180
144500,1.0,1526,5,1957,8562
104000,1.0,1296,5,1924,4853
128000,1.0,1647,6,1915,6858
58500,1.0,864,3,1914,8212
127000,1.0,1691,5,1924,5000
126000,2.0,856,6,1939,7890
160000,0.0,2650,4,1967,7200
100000,0.0,1666,5,1931,9839
169000,1.0,2447,6,1919,9638
257500,1.0,2133,7,1941,10452
215000,2.0,2177,5,1950,15600
266500,1.0,2340,7,1941,9042
335000,2.0,1902,7,1959,17500
203135,2.0,1652,7,1994,19645
185000,2.0,1034,8,1989,3907
162500,2.0,1191,8,1989,3907
289000,2.0,1801,7,1959,15602
125500,1.0,1154,4,1922,5436
82000,1.0,540,2,1941,8154
110000,1.0,1107,6,1921,9140
68400,2.0,1128,4,1920,7500
102776,1.0,1178,4,1900,8712
55993,2.0,1044,5,1952,8712
50138,1.0,952,4,1896,8712
246000,2.0,1646,8,2004,3811
254900,3.0,1916,8,1998,11050
190000,2.0,1285,6,1977,9620
201000,2.0,1560,7,2003,9196
169900,3.0,1034,6,1976,12328
170000,2.0,2048,6,1976,12760
160000,2.0,1687,5,1948,57200
220000,3.0,1346,7,2008,11896
179781,2.0,1214,7,2009,9803
174000,2.0,1444,5,2006,9802
269500,3.0,1968,8,2009,12003
214900,2.0,1894,7,2002,11316
202900,2.0,1908,8,2002,14191
378500,3.0,2018,9,2008,13214
169000,2.0,1264,5,1965,15300
173500,2.0,1430,5,2004,10114
139000,0.0,1824,6,1971,9400
166500,2.0,1344,5,1999,11875
83500,1.0,1092,4,1973,1974
119500,1.0,945,5,1973,2394
85000,1.0,1112,5,1976,2592
76000,0.0,1092,4,1970,1476
75500,0.0,630,4,1972,1491
88250,0.0,1092,4,1970,1900
85500,1.0,1092,4,1972,1890
130000,1.0,874,5,1971,6953
157900,1.0,1188,5,1962,26142
149900,2.0,833,5,1984,12887
159000,2.0,2432,5,1985,7700
136000,2.0,1274,5,1991,10475
161000,1.0,1479,5,1969,10544
285000,2.0,1803,8,1994,9892
231000,2.0,1797,6,1993,12961
124500,1.0,882,6,1956,13008
157000,2.0,1434,6,1974,10200
345000,2.0,2704,8,1972,13860
189500,2.0,1608,6,1997,10179
270000,3.0,2283,8,2003,11792
189000,2.0,1628,7,1996,8400
377500,3.0,1746,9,2006,14892
168500,2.0,1474,7,1995,8530
375000,2.0,2522,8,2004,7296
278000,2.0,1659,8,2000,5664
240000,2.0,1478,8,1998,7380
239500,2.0,1734,8,1995,8013
177500,2.0,1382,7,1998,8923
185000,2.0,1718,7,1998,10141
191000,2.0,1636,6,1998,7500
178000,2.0,1571,6,1993,7837
185000,2.0,1470,6,1993,9765
181316,2.0,1516,6,1994,8803
166000,2.0,1190,6,1993,7250
178000,2.0,1593,6,1992,9636
174000,2.0,1481,6,1994,8125
173000,2.0,1167,6,1992,9248
225000,2.0,1983,7,1999,10762
180500,2.0,1442,7,1990,11851
187500,2.0,1360,8,1984,5814
501837,3.0,2234,9,2008,17423
372500,3.0,2046,8,2008,11844
260000,2.0,1530,7,2005,16158
185000,2.0,1934,5,1977,11900
260000,2.0,2353,7,1980,13005
181000,2.0,1586,6,1979,17043
82500,2.0,1411,7,1977,11900
215000,2.0,1602,6,1977,16635
154000,2.0,2050,7,1978,13250
200000,2.0,1671,6,1978,10928
249000,2.0,2673,7,1980,12388
187500,2.0,1472,7,1980,14115
184000,2.0,1707,6,1978,11088
278000,2.0,2524,8,1981,9600
157000,2.0,1601,7,1978,11880
152000,2.0,1370,7,1976,10400
197500,2.0,1868,5,1976,10304
240900,2.0,1884,7,2003,7000
263435,2.0,1935,8,2009,8004
220000,2.0,1874,8,2000,7500
235000,2.0,1811,8,2002,8470
213000,2.0,1621,5,1975,9373
167900,2.0,1116,6,1974,10140
158000,2.0,1193,7,1975,11050
165000,2.0,1350,6,1974,10140
158000,2.0,2119,6,1972,10448
136000,0.0,1792,5,1974,9000
148500,2.0,1002,5,1970,8750
156000,2.0,1026,6,1969,7930
128000,2.0,1180,5,1970,7830
143000,1.0,1050,5,1971,8510
76500,2.0,864,4,1970,7038
120500,2.0,864,4,1970,6960
124500,2.0,864,4,1970,8120
97000,2.0,864,4,1971,10500
130000,2.0,864,4,1971,9000
111000,1.0,987,6,1973,1680
125000,2.0,1365,5,1970,2368
112000,1.0,1302,5,1971,1680
97000,1.0,987,6,1972,1680
118000,1.0,987,6,1972,1680
119500,1.0,1302,5,1972,1680
143750,2.0,958,6,1976,4928
146000,2.0,1548,6,1976,2308
148500,2.0,1456,6,1976,2280
123000,2.0,1055,7,1975,2280
147000,2.0,1322,6,1974,2308
137900,2.0,1456,6,1977,2349
147000,2.0,1548,6,1978,2364
148500,2.0,1441,6,1978,2289
138000,2.0,1456,6,1978,2364
128500,1.0,836,7,1976,2104
100000,1.0,892,5,1967,7150
148800,2.0,1120,5,1966,10710
337500,3.0,1718,10,2006,12456
462000,3.0,2772,9,2007,14257
485000,3.0,3140,9,2008,13518
555000,3.0,2402,10,2008,15431
325000,2.0,1652,9,2006,13173
256300,3.0,1600,8,2007,14230
253293,3.0,2042,8,2008,12704
398800,3.0,2690,9,2009,12350
335000,3.0,2184,9,2008,11308
404000,3.0,2020,9,2008,12350
402861,3.0,2020,10,2009,12220
451950,3.0,2296,10,2008,13478
610000,3.0,2674,10,2007,13693
582933,3.0,2822,9,2008,13891
360000,3.0,1736,9,2008,11578
296000,3.0,1782,8,2004,16870
409900,3.0,2520,8,2007,23303
255500,3.0,1717,8,2006,11146
335000,3.0,1743,9,2008,10367
274900,3.0,1713,8,2004,9591
300000,3.0,1531,9,2006,10872
324000,3.0,1808,9,2008,13514
350000,3.0,2224,9,2004,8834
280000,3.0,1836,8,2004,11362
284000,3.0,1629,8,2003,10655
269500,2.0,1760,7,2003,12878
233170,2.0,1502,7,2009,9541
386250,3.0,2392,10,2003,13472
445000,3.0,2452,9,2003,15274
290000,3.0,2400,8,2003,13262
255900,3.0,1606,8,2006,9658
213000,2.0,1358,6,2005,6904
196000,2.0,1306,6,2005,5381
184500,2.0,1306,6,2005,5122
212500,2.0,1358,7,2007,10307
230000,2.0,1314,7,2007,5001
552000,3.0,2492,10,2004,14836
382500,3.0,2200,8,2003,15262
320000,2.0,1884,9,2008,7390
248500,2.0,1456,9,2008,6472
286500,3.0,1712,8,2002,16770
254000,2.0,1324,8,2006,6240
173000,2.0,1405,7,2003,3480
173000,2.0,1626,7,2003,2268
184000,2.0,1456,7,2005,10928
167800,2.0,1490,6,2005,8918
174000,2.0,1484,6,2005,12589
174000,2.0,1560,6,2005,11911
174000,3.0,1555,7,2007,3684
175900,3.0,1569,7,2007,3635
192500,2.0,1555,7,2005,3182
181000,2.0,1504,7,2005,3182
180000,2.0,1220,7,2005,3182
160200,2.0,1145,7,2005,3182
188500,2.0,1432,7,2004,7795
200000,2.0,2267,6,2002,8068
170000,2.0,1374,7,2004,9434
189500,2.0,1630,7,2004,7984
184100,2.0,1419,8,2002,7750
195500,2.0,1594,7,2004,10125
192000,2.0,1489,7,2003,8965
178000,2.0,1342,7,2003,8174
207500,2.0,1314,7,2007,5063
236000,2.0,2256,7,2000,8795
257500,3.0,2004,8,2002,12891
244000,2.0,2054,6,2000,12224
167000,2.0,1374,7,2004,9734
179000,2.0,1800,6,2000,8123
190000,2.0,1514,6,2000,8433
156000,2.0,1430,7,1999,7750
245000,3.0,2312,7,1999,15896
181000,2.0,1675,6,1999,24682
214000,2.0,2060,7,1999,8755
168000,2.0,1430,7,1999,7848
337000,3.0,2365,8,1999,9430
403000,3.0,2794,8,1995,15138
327000,3.0,2687,8,2000,12720
340000,3.0,2450,8,1998,16545
336000,3.0,2612,8,1998,12203
265000,3.0,2344,7,1996,10208
315000,3.0,2063,8,1994,10750
260000,3.0,2646,7,1993,9900
260000,2.0,2061,7,1995,9085
263550,2.0,2232,8,1993,11692
402000,3.0,2448,8,1994,46589
248000,2.0,1850,7,1994,29959
244600,3.0,1468,8,2008,9612
275000,3.0,1696,8,2008,11194
257500,3.0,1658,8,2008,10206
287090,3.0,1578,8,2008,9262
275500,3.0,1702,8,2007,10130
245000,2.0,1432,8,2006,9139
253000,2.0,1971,7,2005,9675
468000,3.0,2490,9,2005,11128
252678,2.0,1852,7,2009,8640
210000,2.0,1590,8,2008,9000
208300,2.0,1218,6,2009,7862
225000,2.0,1436,7,2008,7993
229456,2.0,1314,8,2009,8640
229800,2.0,1402,7,2008,8640
250000,3.0,1530,9,2007,12606
370878,3.0,1766,9,2009,9187
238500,2.0,1448,8,2006,7500
310000,3.0,2007,10,2008,11003
270000,3.0,1795,8,2006,10603
252000,3.0,1953,8,2005,10574
241000,2.0,1550,7,2006,8125
264500,2.0,1836,8,2008,8125
291000,3.0,1662,7,2006,10625
263000,2.0,2094,7,2003,9375
185000,2.0,1221,7,2004,7500
234500,2.0,1553,7,2003,8736
209000,2.0,1653,7,2003,8127
159000,2.0,1218,7,2007,9605
152000,2.0,1141,7,2006,7500
143500,0.0,1158,6,2004,7500
193000,2.0,1812,7,2004,10628
203000,3.0,1512,8,2004,10141
184900,2.0,1200,7,2003,10083
159000,2.0,1114,7,2004,13072
142000,0.0,1114,5,2004,13072
153000,2.0,1114,5,2003,12450
224243,3.0,1450,7,2008,7328
220000,2.0,2122,7,1996,11492
257000,2.0,1844,8,2005,10994
189000,2.0,1434,7,2001,8529
171500,2.0,1730,6,1992,7703
120000,1.0,1217,6,1980,10762
145000,2.0,1332,6,1990,7175
184000,2.0,1540,7,1994,9109
162000,2.0,1400,6,1986,10274
160000,2.0,1882,6,1981,8250
82000,1.0,841,4,1950,8400
76000,2.0,784,6,1928,9000
110000,2.0,980,5,1962,9750
135000,2.0,980,5,1977,7064
141000,2.0,864,5,1961,8499
122000,1.0,864,5,1961,9079
124100,1.0,1020,5,1965,9316
129000,1.0,912,5,1963,7791
131400,1.0,1144,5,1961,10000
62383,1.0,864,5,1965,8281
123000,1.0,912,5,1962,7150
275000,3.0,2014,8,1980,15676
235000,2.0,1755,7,1991,11949
280750,3.0,3005,7,2004,2880
164500,2.0,1224,6,2009,3951
173733,2.0,1224,6,2009,3000
222000,2.0,1726,6,2008,3830
195000,2.0,1256,6,2008,4217
172500,2.0,1471,6,1999,3230
180000,2.0,1512,6,2000,2998
156000,2.0,1452,7,1999,3768
172500,2.0,1739,8,1999,2645
318750,2.0,1694,8,1977,14694
211500,2.0,1226,8,1981,3782
241600,2.0,1740,7,1981,15417
180500,2.0,2499,8,1976,9600
150000,2.0,1620,4,1976,9991
154000,2.0,1556,6,1968,11700
185000,2.0,1442,6,1970,11717
185750,2.0,1489,6,1968,9156
200000,2.0,2090,7,1973,10382
206000,2.0,2067,7,1974,12732
162000,2.0,1395,6,1972,12936
256900,2.0,2640,6,1967,10400
197900,2.0,1724,6,1967,17871
163000,2.0,1336,5,1969,9600
113000,1.0,1216,6,1969,9000
230000,2.0,2288,7,1977,13774
167900,2.0,1334,6,1977,9650
213250,2.0,1680,7,1998,10140
227000,2.0,1665,8,2001,8400
130000,1.0,864,5,1967,7130
143000,2.0,1568,5,1967,9600
117500,1.0,925,5,1965,9100
168500,2.0,2061,7,1974,9600
172500,2.0,1320,6,1971,16500
161500,2.0,1342,6,1967,9790
141500,2.0,894,4,1960,7436
118000,1.0,864,5,1959,8125
127500,1.0,864,6,1959,9100
140000,3.0,1362,4,1957,9450
177625,2.0,1728,5,1956,13495
110000,3.0,1776,5,1958,11475
167000,2.0,1516,6,1964,10004
153000,2.0,1313,5,1961,9350
145100,2.0,1292,5,1964,10500
154000,2.0,1154,5,1966,11000
177500,2.0,2140,5,1965,8970
158000,2.0,1445,6,1964,12095
124500,1.0,1041,5,1959,9600
174500,2.0,1576,6,1961,11475
122000,1.0,960,5,1955,9768
82500,0.0,708,4,1940,5330
110000,1.0,1203,5,1950,7015
149500,2.0,1505,6,1953,12160
175000,2.0,1691,6,1967,9900
167000,2.0,1644,6,1953,9600
128900,1.0,1050,5,1956,9600
140000,1.0,1668,6,1950,9600
147000,1.0,1113,5,1950,9600
124000,3.0,1584,5,1967,8944
187500,2.0,1453,6,1961,10573
159000,2.0,1394,6,1963,9500
256000,2.0,1567,6,1966,14695
205000,2.0,1986,7,1965,13600
193500,1.0,2142,6,1968,13000
110000,2.0,1392,6,1968,13560
104900,1.0,1738,4,1920,12513
150000,1.0,1144,5,1956,8760
156500,2.0,1478,6,1957,8400
176000,2.0,1329,7,1960,12285
149500,1.0,988,6,1959,9240
139000,1.0,1632,6,1958,9600
155000,1.0,1215,6,1958,12400
120000,1.0,1202,5,1956,8750
153000,1.0,1382,5,1955,8750
144000,1.0,1200,4,1956,10400
176000,2.0,1382,6,1962,19296
153000,2.0,1297,5,1954,8532
135000,2.0,1866,5,1958,9482
131000,1.0,1062,6,1954,8128
123000,1.0,1319,5,1953,10634
126000,2.0,1112,5,1951,13070
115000,2.0,1005,4,1955,10434
164900,1.0,1363,5,1951,14559
113000,1.0,793,5,1945,8480
145500,1.0,1031,5,1952,7626
102900,1.0,1210,5,1953,9533
95000,2.0,1699,3,1900,10615
152500,2.0,1527,7,1948,11419
129900,1.0,1200,5,1950,9600
132000,1.0,972,6,1948,8000
99900,1.0,792,3,1958,5470
135000,1.0,1656,5,1916,10410
149000,2.0,1352,5,1939,10800
114000,1.0,1039,4,1900,8146
109500,1.0,792,5,1924,9022
125000,1.0,1078,5,1925,10230
142900,2.0,2377,4,1915,10410
156500,2.0,1690,7,1910,7200
59000,0.0,599,2,1940,5400
105000,1.0,1374,4,1920,5400
106000,2.0,846,5,1920,10800
78500,1.0,725,3,1890,10800
190000,3.0,2544,6,1969,9671
154000,1.0,1380,6,1963,10143
163000,2.0,1040,6,1967,11500
200000,4.0,2634,5,1969,11643
143500,2.0,951,6,1958,8010
135000,1.0,1105,6,1957,10454
153000,1.0,1306,5,1957,8712
157500,2.0,1478,6,1960,17600
113500,1.0,1142,6,1958,9000
133000,1.0,1268,5,1949,12144
92900,2.0,1040,3,1950,8544
128500,2.0,1133,6,1950,8064
90000,2.0,1040,4,1949,7200
138000,1.0,1904,5,1950,7200
128000,1.0,1041,5,1958,7350
139000,1.0,1339,5,1958,7560
118900,1.0,732,5,1952,7200
138000,1.0,1183,5,1959,8000
132500,1.0,1148,5,1959,7931
133500,1.0,1461,4,1949,10800
135000,2.0,1495,6,1948,8064
144750,2.0,1806,6,1964,7570
145000,2.0,941,5,1978,8604
127000,1.0,1045,6,1963,7936
109500,1.0,894,5,1962,6600
115000,1.0,1224,6,1926,3950
110000,2.0,1230,5,1910,10440
128900,1.0,1378,6,1935,4080
103500,2.0,1944,6,1910,10307
66500,1.0,1131,5,1941,5720
130000,2.0,1306,5,1910,15660
129000,0.0,1464,5,1910,9900
150000,2.0,1558,5,1939,6406
107500,1.0,2372,5,1892,6600
94550,0.0,1701,4,1920,7627
124500,2.0,1960,5,1952,7596
135000,1.0,1389,7,1946,3378
103000,0.0,1447,5,1910,10134
93000,2.0,936,4,1953,6000
129500,1.0,1328,5,1950,6000
93000,1.0,1387,5,1954,6000
80000,2.0,861,4,1920,7404
45000,1.0,612,2,1940,5925
37900,0.0,968,3,1910,5925
91300,1.0,886,5,1938,5784
99500,1.0,792,5,1923,8520
113000,0.0,1452,4,1920,4456
87500,2.0,1510,4,1910,9600
110000,1.0,1284,5,1947,3500
106000,2.0,2138,5,1898,8100
265979,4.0,2640,7,1880,11700
160000,1.0,2007,6,1900,8400
119000,1.0,1288,6,1917,3600
168000,2.0,1742,8,1882,17671
58500,0.0,816,4,1910,3300
143000,2.0,1482,7,1920,9000
85000,1.0,1022,5,1910,7200
124900,2.0,1869,5,1890,8820
119000,1.0,1480,6,1920,5400
146500,3.0,1521,6,1910,9720
34900,0.0,720,4,1920,7879
44000,0.0,797,3,1900,9392
223500,2.0,1576,5,1923,21384
149000,1.0,1432,6,1923,6615
205000,2.0,1548,7,1925,7264
137000,1.0,1654,5,1930,4960
121000,1.0,952,6,1916,8854
128000,1.0,1324,4,1936,6000
134900,2.0,1176,6,1937,6000
117000,1.0,1348,5,1925,6000
132500,1.0,1412,6,1939,6000
93000,1.0,1142,5,1924,6000
119000,1.0,904,6,1926,6000
100000,2.0,1301,5,1924,6911
141500,2.0,1539,5,1936,6120
133000,1.0,1573,4,1935,6120
60000,0.0,800,2,1936,6120
105000,1.0,875,5,1931,6120
115000,1.0,995,5,1925,6120
150000,1.0,1582,5,1938,6120
126500,5.0,1072,5,1925,8635
214500,2.0,2134,6,1916,11888
167500,2.0,2019,7,1910,11414
155000,2.0,1768,6,1915,8094
155000,1.0,1826,7,1915,2500
179900,1.0,1944,7,1915,9928
104000,0.0,2229,6,1912,5520
62500,0.0,2128,5,1922,3000
149000,1.0,1930,6,1927,6876
103000,2.0,1208,4,1925,6240
123000,1.0,1427,6,1915,5775
97500,0.0,1864,7,1902,5852
135000,1.0,1666,6,1927,5160
70000,0.0,892,4,1923,5160
116000,1.0,1403,6,1915,10320
88750,1.0,704,4,1946,4280
179000,0.0,1200,5,1987,10800
179000,0.0,1200,5,1987,10800
159900,1.0,1152,5,1978,10547
61000,0.0,904,1,1922,10020
103600,1.0,1369,6,1925,6629
63000,1.0,1112,5,1934,9780
175000,2.0,1464,5,1963,12886
139000,2.0,1121,5,1963,8816
172500,2.0,1683,6,1978,11184
113500,1.0,1052,5,1967,11625
130000,1.0,899,5,1967,7800
149900,2.0,1034,6,1978,8014
134900,2.0,858,5,1982,7252
137000,2.0,860,5,1982,8740
139000,1.0,1092,5,1962,11616
165000,1.0,1774,5,1961,15400
148000,2.0,1138,6,1960,15312
165000,1.0,2071,5,1956,15584
63900,0.0,660,2,1947,9000
161500,1.0,1788,4,1957,11250
143000,1.0,1473,5,1968,25095
135000,1.0,1229,4,1956,17140
82500,2.0,861,4,1940,12342
190000,1.0,1867,5,1955,10708
139600,2.0,1733,3,1955,13680
122000,2.0,1383,4,1954,15635
127500,2.0,1689,6,1956,9855
121500,1.0,1073,5,1956,9571
60000,1.0,1276,5,1958,9571
154400,1.0,1639,6,1946,9350
113000,1.0,672,4,1941,9340
125000,1.0,1089,5,1954,7440
84000,1.0,845,4,1957,11500
139500,1.0,1049,5,1984,4235
131000,1.0,1716,5,1949,11409
105000,1.0,1258,6,1939,9060
108000,1.0,1510,4,1940,9084
162000,2.0,1061,7,1990,10778
156500,2.0,1338,6,1983,19255
316600,2.0,2132,8,1983,12327
271900,3.0,2196,7,1990,14684
213000,2.0,1775,7,1993,9317
239900,2.0,1879,7,1993,10560
239500,2.0,2020,8,1995,9828
131000,2.0,2016,5,1880,26400
118964,2.0,1535,5,1979,7018
153337,2.0,1224,5,1979,7018
147983,2.0,2228,5,1979,7018
118858,2.0,1535,5,1979,7018
118858,2.0,1535,5,1979,7018
142953,2.0,2240,5,1979,7018
148325,2.0,1229,5,1979,7040
113722,2.0,1513,5,1979,7007
269500,4.0,2787,7,2000,11855
269500,4.0,2787,7,2000,7939
269500,4.0,2787,7,2000,7976
323262,3.0,1680,9,2009,10933
297000,3.0,1718,8,2007,10637
295493,3.0,1630,8,2008,10226
332000,3.0,1720,9,2008,10816
239900,3.0,1468,8,2008,9178
212000,2.0,1768,8,2007,10769
272500,2.0,1838,8,2007,11422
239000,2.0,1800,9,2007,11923
220000,2.0,1604,7,2006,8814
200000,2.0,1290,7,2007,6762
221800,3.0,1254,8,2008,10324
194500,2.0,1232,7,2007,7314
237000,3.0,1498,8,2005,11645
173000,2.0,1422,6,2005,11646
275000,2.0,1644,7,1989,12800
233500,2.0,1759,7,1992,16698
185000,2.0,2126,5,1967,28698
152000,2.0,1040,5,1996,12464
143000,1.0,990,5,1994,9757
231500,2.0,1764,6,1997,15426
212000,2.0,1661,7,1996,10667
207000,2.0,1463,7,1998,14753
145000,2.0,1097,5,1994,10859
138000,2.0,990,5,1994,8072
197900,2.0,1779,7,1998,10400
204000,2.0,1501,7,1999,10335
192000,2.0,1431,7,1999,9017
200000,2.0,1772,6,1998,8750
195000,2.0,1660,7,2002,8935
227000,2.0,1573,7,2002,9808
230000,2.0,1840,7,2001,12420
187100,2.0,1430,7,2001,16285
203000,2.0,1444,7,2002,10739
201000,2.0,1492,7,2001,11166
124000,0.0,1040,5,1978,8430
140000,1.0,907,5,1978,16269
134900,2.0,914,5,1979,6950
150500,2.0,1040,5,1977,8800
136500,1.0,864,5,1978,7000
143500,1.0,1268,5,1977,9286
133500,1.0,864,5,1972,15523
123000,2.0,894,5,1972,7200
133900,1.0,768,5,1972,7200
133000,2.0,768,5,1972,8445
250000,3.0,1611,7,2002,11664
254750,2.0,2184,8,2003,12334
236500,2.0,1788,8,2001,11838
261500,2.0,1872,8,2001,11885
313000,3.0,2153,9,2000,11050
198500,2.0,1725,7,2002,8749
211000,2.0,1870,7,2001,11250
220000,2.0,1513,8,1999,15750
203000,2.0,1504,7,1996,11883
279500,2.0,1828,8,2002,12782
210000,2.0,1417,7,1997,8750
219500,2.0,2034,7,1997,9375
191000,2.0,1716,7,1996,8750
178000,2.0,1212,7,2001,9100
213000,2.0,1630,7,2000,9750
144000,2.0,848,6,2003,4435
140000,2.0,848,6,2003,4435
293200,3.0,1602,8,2007,10200
190000,2.0,1728,7,2004,9313
190000,2.0,1500,7,2004,8487
173500,2.0,1476,6,2005,8633
170000,2.0,1396,6,2007,11069
108000,2.0,1126,4,1949,8777
167000,2.0,1486,5,1964,9937
100000,1.0,816,4,1938,8877
198500,2.0,1922,7,2003,7301
159500,2.0,1426,6,1977,7950
127000,1.0,1149,4,1960,10682
125000,1.0,1125,6,1976,7200
320000,3.0,1698,9,2007,13286
145500,2.0,1072,6,2005,3675
118000,0.0,698,5,1947,9405
85000,1.0,876,4,1959,6410
120000,1.0,1368,5,1950,11767
98000,1.0,1529,4,1945,8405
99900,0.0,864,5,1922,4060
82000,2.0,944,3,1952,10206
119900,0.0,1678,5,1959,10926
103500,1.0,1560,5,1956,11767
112000,1.0,960,4,1956,8926
110000,2.0,1196,6,1920,12354
122000,1.0,1298,5,1941,8212
117000,2.0,1604,5,1941,10998
160000,1.0,1268,5,1938,6300
159434,1.0,1520,5,1932,4500
60000,1.0,438,2,1920,8400
139500,1.0,1489,6,1940,9900
197000,2.0,3082,7,1920,15863
105000,1.0,1242,6,1935,5707
135000,2.0,1981,4,1928,7804
147500,2.0,1232,6,1916,8574
137450,1.0,1608,6,1925,6171
155000,2.0,1135,7,1936,7200
177000,2.0,1913,6,1928,7558
145000,1.0,1477,7,1928,6292
137000,1.0,1228,7,1918,7155
234000,1.0,2080,7,1926,10918
205000,2.0,1567,5,1940,13680
177500,1.0,1494,6,1942,7500
160000,1.0,1308,5,1940,9600
155000,1.0,1273,5,1960,14680
163500,2.0,964,5,1921,13360
154900,1.0,1343,5,1921,7681
205000,2.0,2480,7,1940,8145
144800,1.0,1112,5,1954,9100
174500,1.0,1564,7,1941,12000
193000,2.0,1561,6,1960,13339
158000,1.0,1523,5,1949,15600
158500,1.0,1152,6,1950,14000
224000,2.0,1906,6,1954,17500
115000,2.0,1032,6,1980,1733
137000,2.0,1229,6,1980,1488
121000,2.0,1229,6,1980,1612
124000,2.0,1229,6,1980,1300
208000,2.0,1982,6,1986,13607
315000,2.0,2365,7,1971,17597
222000,2.0,1680,6,1988,21695
147000,1.0,1344,5,1920,10690
123000,2.0,2168,5,1900,8660
78000,1.0,1192,5,1920,6402
85000,0.0,1526,3,1915,8470
75000,1.0,572,4,1925,10200
230000,2.0,1648,8,2007,3843
57625,1.0,810,2,1910,21780
251000,3.0,2052,8,2000,10125
239686,2.0,2149,7,2003,12822
240000,2.0,1710,7,2004,12118
215000,2.0,1961,6,2001,12209
156450,1.0,926,6,1977,9750
173000,2.0,1287,6,1977,9360
126000,2.0,1734,5,1977,10125
173000,2.0,1217,7,1990,9947
152000,2.0,1595,5,1991,11070
137500,2.0,1344,6,1958,14375
375000,2.0,2036,7,1965,215245
315500,3.0,1620,9,2007,12898
224500,2.0,1692,7,2009,13159
410000,3.0,2036,9,2008,13438
316500,3.0,1641,9,2008,14463
201000,3.0,1466,8,2007,8925
175000,2.0,1412,6,1988,11457
204000,2.0,2237,6,1980,9839
213500,2.0,1479,7,1987,14419
220000,2.0,1296,8,2001,6853
170000,2.0,2014,7,2003,9157
315000,3.0,1838,9,2006,14601
425000,3.0,1978,9,2007,12633
139500,1.0,1008,5,1968,12518
115000,2.0,1771,5,1960,21750
162000,2.0,1204,6,1998,4500
165000,2.0,1224,6,1999,4500
91000,1.0,988,4,1973,1596
130000,1.0,874,5,1968,9858
86000,1.0,630,4,1970,1526
160000,2.0,1404,5,1969,13383
80000,1.0,630,4,1970,1477
97000,0.0,1344,4,1970,1533
88000,1.0,1092,4,1970,2217
131900,1.0,796,5,1972,7689
131250,1.0,1091,6,1993,7706
165500,2.0,1110,5,1978,9101
112000,0.0,833,5,1985,8780
149000,2.0,883,5,1992,7669
143000,2.0,1362,5,1993,14115
130000,2.0,1287,5,1992,10429
196000,2.0,1567,6,1977,9819
173000,2.0,1632,5,1969,10457
176500,2.0,1414,6,1958,11029
237500,2.0,2117,6,1970,12925
206900,2.0,2112,6,1969,11075
187500,2.0,1604,6,1997,8702
165000,2.0,1470,6,1995,8139
195500,2.0,1604,6,1998,9535
192000,2.0,1638,6,1998,9042
173000,2.0,1636,6,1996,15038
177900,2.0,1384,5,1996,14137
175000,2.0,1446,7,1996,21872
286000,2.0,1593,8,2001,4923
247900,2.0,1682,8,1997,6264
180000,2.0,1337,8,1993,5395
180000,2.0,1280,8,1992,5070
181000,2.0,1604,6,1997,10839
183000,2.0,1633,6,1998,11184
188000,2.0,1658,6,1995,8000
194500,2.0,1895,7,1994,10832
185000,2.0,1709,6,1991,14067
189000,2.0,1228,8,1988,4671
188500,2.0,1337,8,1989,5950
355000,3.0,2500,8,2005,13543
325000,3.0,2504,9,2005,11198
387000,3.0,1884,9,2004,15401
115000,2.0,1474,6,1952,31220
334000,2.0,1710,9,2007,8118
133000,2.0,1488,6,1950,47280
215000,2.0,2093,7,1986,20544
226500,2.0,1688,7,1988,12680
175500,2.0,1422,6,1981,12090
181900,2.0,1260,7,1983,10825
235000,2.0,2064,7,1978,18559
220000,2.0,1782,7,1979,14450
272000,2.0,2872,6,1977,12227
161000,2.0,1211,6,1976,13068
175000,2.0,1126,5,1977,15611
185000,2.0,2044,7,1980,10400
146900,2.0,1308,5,1969,9743
292500,4.0,2840,7,1978,12511
180000,2.0,1523,6,1976,11361
159900,2.0,1444,6,1976,10400
205000,2.0,1964,7,1976,10480
157000,2.0,1178,5,1973,10000
306000,3.0,2340,8,1996,14311
133000,2.0,1792,5,1974,9000
151000,2.0,1054,6,1969,9750
111900,1.0,936,4,1969,10295
123000,2.0,864,5,1971,7560
111250,2.0,864,4,1972,12735
181000,2.0,1337,6,1998,4060
103400,1.0,987,6,1973,1680
100000,1.0,987,6,1973,1680
100500,1.0,987,6,1972,1890
106000,1.0,987,6,1970,1869
85400,1.0,987,6,1971,1680
89500,1.0,987,6,1971,1680
111750,1.0,1302,5,1972,1680
140000,2.0,1069,6,1977,4043
143000,2.0,1456,6,1975,2308
148500,2.0,1055,7,1977,2529
110000,1.0,892,5,1966,9477
394617,3.0,1932,8,2008,12444
426000,3.0,2332,10,2007,12474
385000,3.0,2084,10,2007,14803
446261,3.0,2713,9,2008,14948
317500,3.0,1582,8,2007,12704
372402,3.0,1710,8,2007,13891
417500,3.0,2464,8,2007,13693
383000,3.0,1950,9,2007,14418
390000,3.0,2748,9,2006,13418
460000,4.0,2790,10,2005,12539
379000,3.0,2331,9,2005,12151
250000,3.0,2088,8,2007,8899
316000,3.0,2332,8,2004,10574
615000,3.0,2470,10,2003,12720
412500,3.0,2668,9,2003,13688
284000,3.0,2046,7,2003,10625
284000,3.0,1575,8,2003,10845
421250,3.0,2649,8,2001,16900
370000,3.0,2690,8,2003,16451
336860,3.0,1866,9,2008,10110
367294,3.0,1702,9,2008,8769
192000,2.0,1367,7,2005,12304
274000,2.0,1518,8,2003,12677
266000,2.0,1684,9,2005,8849
370967,3.0,1800,9,2007,8232
234250,2.0,1342,8,2006,6240
219500,2.0,1342,8,2006,6240
155000,2.0,1626,7,2003,2448
154000,2.0,1626,7,2003,2448
207000,2.0,1358,7,2004,8198
195000,3.0,1455,7,2003,3940
219990,3.0,1576,7,2004,3940
191000,2.0,1504,7,2005,3182
159895,2.0,1266,7,2007,3182
187687,2.0,1246,7,2007,3710
179000,2.0,1515,6,2004,9024
193000,2.0,1593,6,2004,7415
190000,2.0,1166,7,2005,9587
176000,2.0,1456,6,2005,8029
188000,2.0,1720,7,2002,8010
213000,2.0,1986,7,2003,8396
217300,2.0,1358,7,2007,7301
186500,2.0,1792,6,2000,10261
226750,2.0,1892,7,2000,8220
184000,2.0,1490,7,2004,15384
176000,2.0,1414,7,2002,7750
225000,2.0,2322,7,1999,12460
185900,2.0,1651,7,1999,8390
284500,2.0,2199,8,1997,9660
315000,3.0,2630,8,1998,9200
250000,3.0,2198,8,2000,14260
291000,3.0,2172,9,2000,11000
350000,3.0,2006,8,1998,11675
279500,2.0,2125,7,1996,10990
290000,3.0,2501,8,1995,11929
350000,3.0,2113,8,1995,10437
341000,3.0,2418,7,1993,10542
287500,3.0,2197,7,1993,10010
271000,2.0,2127,7,1994,10944
301500,2.0,1987,8,1994,14303
235128,3.0,1580,8,2007,11932
214000,3.0,1933,6,2007,14598
232000,3.0,1574,8,2006,11957
240000,3.0,1578,7,2006,13253
264132,2.0,1506,9,2008,14587
245000,3.0,1563,8,2007,10206
227680,2.0,1428,7,2008,12274
257000,3.0,1861,8,2007,9801
297900,3.0,1874,8,2007,9428
247000,2.0,1460,8,2006,10037
212700,2.0,1372,8,2007,8640
250580,2.0,1372,7,2007,8640
182000,2.0,1428,7,2007,11639
226700,2.0,1768,7,2005,9803
250000,2.0,1992,8,2003,9375
250000,3.0,1958,7,2005,10625
339750,3.0,2078,8,2007,10800
205950,2.0,1665,7,2007,8125
256000,3.0,1660,8,2007,10625
230348,2.0,1218,7,2007,7500
207500,2.0,1728,6,2003,8791
141000,0.0,1080,7,2004,7500
188000,2.0,1696,6,2003,10110
192500,2.0,1663,7,2003,12774
146000,0.0,1175,6,2005,13072
159000,2.0,1114,5,2004,13695
155000,2.0,1114,6,2003,13695
173000,2.0,1640,6,2004,8366
170000,2.0,1162,7,2007,9260
182000,2.0,1609,6,1995,8453
163000,2.0,1680,6,1993,8480
193500,2.0,1679,6,1994,8125
189000,2.0,1657,7,1994,14565
190500,2.0,1677,6,2001,8450
175000,2.0,1737,7,1992,8285
179200,2.0,1294,6,1991,7153
187000,2.0,1710,6,1993,9291
193000,2.0,1617,6,1993,8012
153900,2.0,1199,6,1993,7892
128000,1.0,984,5,1963,9100
144000,1.0,912,5,1962,12968
135000,1.0,864,5,1961,8100
115000,1.0,890,5,1968,8450
119916,1.0,864,5,1963,6360
142000,1.0,912,6,1961,6768
192000,2.0,1430,6,1974,19508
140000,2.0,1641,5,1972,10759
290000,2.0,2683,6,1990,9205
372500,2.0,2786,9,1993,11025
196000,2.0,1391,7,2004,4282
171900,2.0,1250,7,2006,4017
178000,2.0,1245,7,2004,3435
165000,2.0,1200,6,2005,3180
146000,2.0,1392,7,2007,3180
146000,2.0,1392,7,2007,3604
179400,2.0,1501,7,1999,2280
172900,2.0,1549,6,1999,2280
300000,2.0,1638,9,2000,4765
285000,2.0,1310,9,2001,4538
290000,2.0,1419,9,2001,4385
305000,2.0,1557,9,1999,4109
328900,2.0,1709,9,1999,5119
160000,2.0,1252,7,1999,2160
170000,2.0,1404,7,1999,2160
223000,2.0,1789,7,2001,10646
170000,2.0,1586,8,1999,2645
200000,2.0,1607,8,1999,2645
345000,2.0,2393,10,1998,3951
245500,2.0,1288,8,1996,14963
217500,2.0,1239,8,1995,11064
324000,2.0,1719,8,1993,10846
162500,2.0,1232,6,1984,11120
150000,3.0,2944,9,1977,24572
290000,2.0,1671,8,1976,16280
205000,2.0,1812,7,2002,7500
174000,2.0,1682,7,1970,10400
183000,2.0,1427,6,1969,11104
150000,2.0,1740,6,1968,11050
145000,2.0,1258,6,1971,11040
215000,2.0,1620,7,1967,15387
140500,2.0,1625,5,1965,9750
240000,2.0,2614,6,1974,10800
141000,2.0,1464,5,1968,8814
147000,2.0,912,5,1965,8872
135000,2.0,925,5,1965,8125
145000,2.0,1728,5,1965,11072
142600,2.0,1728,5,1965,13101
135000,2.0,1656,5,1973,9246
170000,2.0,1670,7,1971,13355
299800,2.0,2715,8,1976,8963
185000,2.0,1876,6,1974,9120
173000,2.0,1632,6,1966,9130
178400,2.0,999,7,1961,12122
176000,2.0,1978,7,1968,9900
98000,1.0,1014,5,1956,7785
109008,1.0,907,4,1957,8593
135750,1.0,952,4,1956,8475
155000,2.0,1128,5,1963,8700
180500,2.0,1425,6,1964,10175
174900,2.0,1165,6,1966,9020
140000,1.0,1136,6,1965,9200
145000,2.0,1092,6,1964,8250
179900,2.0,1265,5,1965,9350
168500,2.0,1350,6,1964,9020
140000,2.0,1114,5,1961,9900
145500,1.0,1053,5,1959,10007
142000,2.0,1252,6,1959,10721
141000,1.0,1100,4,1960,12493
153000,1.0,1118,5,1960,11332
72500,1.0,720,3,1949,6627
52000,0.0,729,3,1935,4130
118000,1.0,1077,5,1939,7420
87000,1.0,906,4,1937,4882
141500,2.0,1496,5,1960,9600
119000,1.0,1252,6,1950,9600
141500,1.0,1337,5,1950,9600
165500,1.0,1661,6,1955,9600
112900,1.0,1036,5,1953,7584
201800,2.0,1820,7,1965,13700
163000,2.0,1362,6,1961,10197
139950,2.0,1144,5,1961,7875
174000,2.0,1537,6,1962,8400
165000,1.0,1431,6,1962,9150
227000,2.0,1988,6,1966,14670
135000,1.0,1098,5,1955,7390
124000,1.0,1144,5,1963,9204
140000,2.0,1283,5,1962,7763
136500,1.0,1176,5,1957,8856
185000,1.0,1440,5,1959,9840
163000,2.0,1261,6,1958,9120
166800,2.0,1570,6,1958,13200
139000,1.0,1196,6,1956,9000
166000,2.0,1392,6,1957,11900
136000,1.0,1080,6,1958,9464
133000,1.0,1104,5,1956,10425
116000,1.0,882,5,1952,11556
137500,2.0,1152,5,1953,9373
130000,2.0,950,5,1953,12774
180000,2.0,1790,6,1957,14250
139000,2.0,952,5,1951,7350
110000,1.0,773,5,1953,7677
100000,1.0,1764,5,1957,8838
118500,1.0,1216,5,1947,8480
146000,2.0,1824,5,1957,12436
89900,1.0,869,4,1948,10122
114000,1.0,1159,5,1925,7506
140000,1.0,1558,5,1945,10930
86900,1.0,672,4,1940,5400
139000,4.0,1436,5,1922,10836
106250,0.0,1294,4,1900,10800
171000,2.0,1716,6,1962,9247
139000,2.0,1044,5,1968,10180
186000,2.0,1312,7,1958,11355
157000,1.0,1253,6,1960,10920
148000,1.0,1081,6,1960,12929
242000,2.0,2069,7,1960,27650
116000,2.0,910,5,1953,8892
94000,2.0,876,5,1951,7200
98300,2.0,1048,5,1950,7200
127000,1.0,1507,5,1960,7910
159000,1.0,1256,5,1959,8000
125900,1.0,1027,5,1962,8000
155000,1.0,1269,5,1960,7931
138000,2.0,1320,6,1948,8064
112500,1.0,984,6,1954,6390
105500,2.0,832,6,1954,7227
127500,1.0,1278,6,1954,7200
130000,0.0,1800,5,1961,8513
150000,2.0,1588,5,1955,7200
109500,1.0,825,5,1954,7200
140000,2.0,1796,6,1963,7056
167900,2.0,1611,6,1964,9760
136870,1.0,1117,5,1963,7590
143000,1.0,1133,6,2008,9836
73000,2.0,764,5,1925,5232
157500,2.0,1539,5,1904,10440
122600,2.0,1323,5,1948,9184
111000,1.0,1360,5,1910,4800
256000,2.0,2792,6,1920,10440
64000,1.0,672,5,1940,4800
139500,1.0,1456,6,1915,6000
118000,0.0,1594,4,1910,11426
200000,2.0,2082,7,2003,11426
119164,2.0,1656,4,1940,7628
122250,1.0,1740,5,1920,7308
120000,0.0,1027,7,1920,5400
155000,2.0,1436,6,1940,10800
78000,1.0,899,5,1910,6756
95000,0.0,1080,5,1890,5914
115000,1.0,789,5,1948,6000
147000,2.0,1122,5,1948,12000
140000,3.0,1499,5,1946,9000
46500,1.0,407,2,1946,7311
112500,1.0,928,5,1957,6000
107900,1.0,901,4,1954,6000
65000,0.0,1588,3,1949,12205
295000,3.0,3493,7,1880,18386
139500,2.0,1627,5,1900,9142
153900,3.0,1416,5,1915,12665
132000,1.0,1450,7,1920,5350
98000,3.0,1344,5,1916,4571
114000,1.0,1017,5,1900,9143
130000,2.0,2350,5,1920,9600
129500,2.0,2058,6,1917,9600
129400,0.0,1540,5,1905,6000
161000,2.0,1378,7,1928,9600
163000,2.0,1912,6,1905,10800
128000,0.0,1484,6,1914,6300
122000,0.0,2358,8,1872,5250
116900,1.0,1111,7,1926,5700
325000,2.0,2775,10,1893,13500
55000,2.0,1086,2,1920,11340
184000,2.0,2495,7,1890,10800
110000,1.0,984,5,1959,9750
131500,1.0,1795,5,1954,12150
97000,1.0,882,5,1956,12702
115500,1.0,1093,4,1958,8516
138000,1.0,1143,5,1928,7111
108000,1.0,1668,7,1945,7425
79500,1.0,935,5,1930,9100
153000,1.0,1738,5,1935,7010
109500,0.0,784,5,1924,6130
124000,1.0,1210,5,1941,5000
106900,1.0,1290,6,1900,5870
164900,1.0,1672,6,1940,6000
119000,2.0,949,5,1924,6000
120000,1.0,1158,6,1929,6000
157000,1.0,1497,6,1937,6000
105000,1.0,1342,6,1939,6000
113000,1.0,1013,6,1926,5000
115000,1.0,1216,5,1920,5520
79000,1.0,896,4,1946,5940
123000,1.0,1136,4,1929,6240
81300,1.0,808,5,1945,6120
162900,2.0,1573,5,1930,6240
150000,2.0,2009,7,1939,6240
123500,2.0,1902,5,1923,6120
129900,2.0,1774,7,1931,6120
128000,2.0,1362,6,1920,6155
68500,1.0,520,4,1927,6324
127000,1.0,1285,5,1948,8635
207000,2.0,1848,6,1923,13053
184000,1.0,1820,7,1925,9120
162500,2.0,1716,6,1915,9144
145000,1.0,1505,5,1940,9144
130000,1.0,838,6,1918,10267
160000,1.0,1984,6,1910,8094
161000,1.0,1666,8,1925,5100
127500,1.0,1609,6,1910,4347
93850,2.0,768,6,1930,6291
136000,1.0,1536,6,1952,10266
141000,2.0,1969,6,1938,6876
120000,2.0,1308,5,1915,10320
127500,2.0,1040,6,1925,7200
127000,1.0,1236,6,1925,7006
89500,0.0,1406,6,1920,7920
125000,2.0,825,5,1955,8235
79900,0.0,1198,6,1920,5586
85000,2.0,759,5,1912,10320
82375,0.0,1344,3,1915,10320
135000,1.0,1469,6,1906,10320
124000,1.0,1054,5,1947,9488
134000,1.0,1211,5,1968,8250
135000,1.0,1271,5,1948,21286
134432,2.0,1588,4,1959,17120
127500,0.0,1355,5,1940,10106
148000,2.0,1075,5,1963,11235
129500,1.0,1040,5,1965,11200
157500,2.0,1096,6,1978,13014
109900,1.0,904,5,1966,7162
145000,1.0,992,5,1967,10265
130000,2.0,894,5,1967,9764
153000,2.0,1034,6,1978,7703
120000,1.0,1073,5,1967,9981
152000,2.0,1126,5,1984,7400
108959,2.0,1258,4,1969,12900
95541,2.0,1140,5,1920,12900
80000,0.0,1006,5,1959,9000
149350,1.0,1228,5,1966,8544
144900,1.0,960,5,1963,9239
185000,2.0,1188,6,1956,14175
165000,1.0,1383,5,1954,13284
235000,2.0,1252,6,1960,13500
140000,1.0,1601,5,1958,13825
108000,1.0,672,5,1940,10200
145000,2.0,1721,5,1960,10532
152400,3.0,1350,5,1941,8375
144000,3.0,904,5,1970,10200
173000,2.0,1291,6,1996,2887
192000,2.0,2022,7,1977,10005
245000,2.0,1524,7,1979,20270
241500,2.0,1363,7,1954,39104
256000,2.0,1663,4,1954,53227
177000,1.0,1357,6,1959,11512
125600,1.0,1079,7,1948,5190
155000,2.0,1094,6,1953,10452
240000,2.0,2358,6,1908,45600
260000,0.0,1518,5,1940,19550
185000,2.0,1674,6,1918,21780
235000,2.0,2108,6,1935,13728
159900,1.0,1509,5,1956,9571
99600,0.0,864,5,1975,9350
134500,1.0,1269,6,1962,9360
119000,1.0,1367,5,1900,8405
107500,0.0,1347,5,1910,7000
125000,1.0,1164,5,1950,10880
79000,0.0,1096,6,1924,9600
95000,1.0,1111,5,1941,9084
262280,2.0,2329,7,1990,11839
260000,2.0,2814,6,1995,9771
226500,2.0,1626,7,1994,9938
225000,2.0,2200,7,1993,14171
229000,2.0,2037,7,1996,10541
177439,2.0,1356,7,2007,10616
248500,3.0,1615,8,2007,9345
475000,3.0,2276,9,2008,11778
395039,3.0,1766,9,2008,11778
228000,3.0,2097,7,1993,11228
225000,3.0,1511,8,1995,11454
195000,2.0,1643,6,1966,11500
200000,2.0,1688,6,1997,12798
155000,2.0,990,5,1994,9750
144000,1.0,1099,5,1995,9525
145000,2.0,990,5,1994,9245
226001,2.0,1418,7,1997,8696
215700,2.0,1771,6,1997,13142
207500,2.0,1652,7,2000,8998
193000,2.0,1790,7,1999,9179
188000,2.0,1724,7,1998,8924
191000,2.0,1479,7,1999,9382
221000,2.0,1494,7,2002,12803
231500,2.0,1792,7,2001,12435
235000,2.0,1823,7,2000,12192
223500,2.0,1786,7,2001,11250
130250,1.0,938,5,1975,9200
149900,1.0,985,5,1977,8385
158000,2.0,1174,5,1978,12250
147000,2.0,1026,6,1978,10970
143195,2.0,1076,5,1975,9216
163000,2.0,1558,5,1975,14330
110000,1.0,924,5,1975,7990
127000,1.0,864,5,1972,7180
124900,1.0,780,5,1972,7200
230000,2.0,1795,8,2002,9742
237000,2.0,2031,8,2002,9473
235000,3.0,1865,7,2000,10316
230500,2.0,2161,7,2001,10400
230000,3.0,1852,8,1999,9066
222500,2.0,2031,7,1998,11404
287000,2.0,2263,8,2001,9240
274000,3.0,1947,9,2001,9720
300000,3.0,1786,8,2002,14860
255900,2.0,2290,8,2002,11250
224900,2.0,1768,7,2003,8158
240000,2.0,2327,7,2003,10905
183000,2.0,1640,7,2003,7226
207000,2.0,1764,8,1999,11690
210000,2.0,1908,7,1994,8750
136500,2.0,848,6,2003,4435
145000,2.0,848,6,2004,4426
208900,2.0,1493,6,1997,13125
185000,3.0,1838,6,1997,10126
214000,2.0,1536,7,2002,9135
208500,2.0,1710,7,2003,8450
186500,2.0,1445,7,2004,9750
210000,2.0,1436,7,2004,8450
185900,2.0,1582,7,2004,8320
179900,2.0,1234,8,2007,11049
218836,3.0,1564,7,2007,11058
193000,2.0,1361,7,2007,9627
189000,2.0,1456,7,2005,8199
149300,2.0,848,6,2004,4426
141000,2.0,848,6,2004,4426
149000,2.0,848,6,2004,4438
144500,2.0,848,6,2004,4438
85000,0.0,796,5,1910,8777
145900,0.0,2200,5,1900,8777
123000,1.0,1092,5,1966,9825
147500,1.0,1256,5,1965,9937
165000,2.0,1033,5,1976,12102
135000,2.0,1127,6,1976,6500
108000,0.0,996,5,1940,13907
137500,2.0,1181,4,1972,10012
165400,2.0,1656,7,2003,6931
147000,2.0,1117,6,1977,9638
160500,2.0,1398,6,1976,7200
176000,2.0,1132,4,2005,7024
284700,2.0,3820,5,1959,47007
148000,2.0,1072,6,2005,3675
82000,0.0,1152,4,1955,6040
82000,0.0,1152,4,1955,6012
118000,0.0,1440,4,1955,12108
82500,0.0,1152,4,1955,6845
91900,0.0,784,4,1955,6931
120000,0.0,1053,5,1938,12180
96000,0.0,1137,5,1947,8050
99000,1.0,930,4,1953,9520
130500,1.0,1200,5,1946,11767
135000,1.0,1470,4,1954,8172
135500,1.0,1393,5,1955,16466
100000,1.0,1204,4,1954,7692
108000,1.0,1292,4,1923,5142
98000,0.0,864,5,1925,5604
67000,0.0,864,3,1914,8248
135900,0.0,1716,5,1912,5687
140000,1.0,1482,6,1925,12155
179500,1.0,2192,5,1939,8400
136500,2.0,1694,6,1925,8400
168000,1.0,1424,7,1921,7290
130000,0.0,1964,5,1911,8525
189000,2.0,2601,5,1921,9842
161900,2.0,1920,6,1930,7804
145000,1.0,1316,6,1926,8969
191000,2.0,2555,6,1922,11526
177000,1.0,1680,6,1915,15576
147500,2.0,1264,6,1914,15564
91000,1.0,790,6,1930,6292
231000,1.0,1512,8,1925,7609
115000,1.0,1639,6,1936,10480
138000,2.0,1603,6,1923,9650
149000,1.0,1502,7,1931,7200
188700,1.0,1660,6,1934,11988
198000,1.0,1938,5,1937,11700
110000,1.0,1374,5,1938,9260
104000,1.0,1091,6,1951,7801
257076,2.0,1873,8,1935,9670
381000,3.0,3447,8,1935,14100
311500,2.0,1954,7,1939,15660
263400,2.0,2161,7,1950,12392
236500,2.0,1898,5,1956,26073
224000,2.0,1640,6,1954,14778
116500,2.0,1032,6,1980,1879
151000,2.0,1556,6,1980,1950
126000,1.0,919,6,1926,7000
120000,1.0,1090,6,1940,6000
55000,0.0,796,4,1922,3636
120500,1.0,816,6,1930,5890
120500,1.0,778,5,1940,6900
119000,0.0,1200,5,1930,8155
126000,1.0,1656,5,1967,6000
99500,1.0,912,5,1930,7392
165500,1.0,1955,5,1958,9000
13100,2.0,733,1,1952,14584
89000,1.0,1361,4,1895,5280
40000,1.0,1317,4,1920,8500
80900,1.0,1049,4,1910,5150
81000,3.0,894,3,1935,18000
65000,1.0,864,4,1920,9000
392500,2.0,1652,8,2008,5587
294464,2.0,1648,8,2007,3843
250000,2.0,1646,7,2004,3811
275000,2.0,1646,8,2004,3842
300000,3.0,2032,7,1996,23730
271000,3.0,1689,8,2002,13265
213000,3.0,1820,7,1996,11050
171000,1.0,1118,6,1977,9880
171500,2.0,1279,6,1977,10125
100000,2.0,1872,5,1976,10260
228500,2.0,1689,4,1991,9990
228950,2.0,1786,5,1965,164660
241500,2.0,1501,7,1986,4084
287000,2.0,2898,8,1976,15498
294000,3.0,1537,8,2006,11563
293077,3.0,1646,8,2007,9520
264966,2.0,1780,8,2007,12852
172500,2.0,1442,5,2006,9802
218689,3.0,1612,7,2008,12018
150000,2.0,1495,6,1989,12890
184000,2.0,1651,6,1986,12416
180000,2.0,1256,6,1986,18265
175000,2.0,1509,6,1988,10200
232500,2.0,1440,8,2003,11202
195000,2.0,1675,6,1999,7915
305000,3.0,2262,8,2003,12244
298751,2.0,1728,8,2007,11449
370000,3.0,1964,8,2005,11447
209200,4.0,1344,7,1997,8940
206300,4.0,1344,7,1997,7060
146000,0.0,1092,5,2007,9278
160500,2.0,1189,6,1997,4500
173000,3.0,1200,4,1964,14137
124000,2.0,1040,5,1975,4224
115000,1.0,1304,5,1976,2665
129500,1.0,1475,5,1976,2665
105000,1.0,988,4,1973,1974
94900,1.0,988,4,1973,1596
152500,1.0,1160,5,1968,17979
98000,0.0,1092,6,1970,1477
81000,0.0,630,4,1972,1890
113000,2.0,988,5,1954,21750
128500,1.0,816,5,1983,6490
119500,1.0,923,5,1984,6951
130500,1.0,816,5,1982,6600
138000,2.0,816,5,1982,6600
134500,1.0,845,5,1982,6600
160000,1.0,1750,6,1940,12508
137500,2.0,889,5,1984,12395
172000,2.0,1968,5,1969,11075
103000,1.0,1836,5,1900,56600
167300,2.0,1587,6,1971,10667
167000,2.0,1277,7,1970,10628
244000,2.0,2223,7,1973,13651
268000,2.0,2217,8,1970,15865
225000,2.0,1733,7,2003,12394
168000,2.0,1572,6,1995,10364
177000,2.0,1470,6,1997,13869
169000,2.0,1600,6,1997,8773
161500,2.0,1384,6,1997,8872
251000,2.0,1652,8,2000,5330
160000,2.0,1694,6,1994,10147
180000,2.0,1714,6,1999,8637
178750,2.0,1553,7,1996,7875
176000,2.0,1253,7,1995,7875
204000,2.0,2299,6,1999,7500
160000,2.0,1187,7,1992,9556
160000,2.0,1472,7,1991,10784
163900,2.0,1482,7,1992,9125
168000,2.0,1642,6,1993,7655
154204,2.0,1128,6,1964,18160
170000,2.0,1088,8,1986,3696
207500,2.0,2090,7,1984,5062
182000,2.0,1179,8,1988,4740
212000,2.0,1321,8,1990,5118
377426,3.0,1922,9,2005,14157
349265,3.0,2541,8,2005,12328
591587,3.0,2338,9,2006,51974
155000,3.0,1424,5,1969,41600
319900,2.0,1612,9,2006,8035
392000,2.0,1419,8,2007,8089
441929,2.0,2234,8,2006,14082
455000,3.0,2042,10,2006,13870
182900,2.0,1440,6,1981,12546
174000,2.0,1284,6,1984,10960
178000,2.0,1868,6,1984,12090
176000,2.0,1479,7,1981,12090
213000,2.0,1664,7,1978,12299
192000,2.0,1930,7,1979,11339
190000,2.0,1969,7,1977,11952
195000,2.0,2030,6,1976,12046
148000,2.0,1032,6,1978,10395
151500,2.0,1177,6,1984,11850
197000,2.0,1725,7,1979,11584
192350,2.0,1353,6,1979,10400
152000,2.0,1620,5,1969,10793
170000,2.0,1220,6,1971,13001
175000,2.0,1484,5,1971,12243
175000,2.0,1743,6,1968,11700
197900,2.0,1935,7,1976,12384
174000,2.0,1324,7,1976,8991
178900,2.0,1877,6,1974,8000
139000,1.0,1109,5,1971,10500
143250,2.0,981,6,1971,10530
184000,2.0,1479,7,1972,7472
155000,2.0,1422,5,1970,9457
133000,1.0,914,5,1970,7920
119500,1.0,950,5,1971,9758
123000,4.0,872,4,1971,8294
110000,1.0,858,4,1971,7340
128000,1.0,914,4,1961,17199
120500,2.0,864,4,1971,9000
133000,1.0,767,7,1998,4058
155000,2.0,1337,6,2001,4113
177000,2.0,1337,6,1997,10943
113500,1.0,1092,6,1973,2205
113000,1.0,1218,6,1973,1890
113700,1.0,1218,6,1973,2058
106000,2.0,1302,5,1970,2016
122500,2.0,1365,5,1971,1920
128000,2.0,958,6,1976,4928
155000,2.0,1548,6,1976,2308
142500,1.0,1055,7,1978,2304
129250,1.0,988,5,1966,7150
356000,3.0,1816,9,2006,12469
314813,3.0,1828,9,2007,11694
318000,3.0,1694,8,2007,12030
322400,3.0,1694,8,2006,11825
318000,3.0,1734,8,2007,12085
345474,3.0,2122,8,2007,14333
415298,3.0,2121,9,2006,14450
492000,3.0,2656,9,2007,13641
338931,3.0,2550,8,2006,13440
450000,3.0,2046,10,2005,15431
280000,3.0,2172,7,2006,14154
479069,3.0,2552,9,2007,13891
395000,3.0,1973,8,2006,14226
380000,3.0,2643,9,2006,13693
250000,3.0,1634,8,2006,11428
440000,3.0,1976,8,2006,14977
418000,3.0,2758,9,2005,13654
500067,3.0,2290,10,2007,17169
260116,2.0,2152,8,2007,16659
317000,3.0,2473,8,2004,9591
319500,3.0,2100,8,2007,9709
325624,3.0,2161,8,2007,10562
372000,3.0,1802,9,2006,13615
342000,3.0,2956,8,2004,13069
354000,3.0,2468,8,2004,12099
350000,3.0,2385,8,2003,14277
285000,3.0,2374,8,2003,11999
281500,3.0,1818,8,2007,12568
245700,3.0,1614,7,2005,9926
232698,2.0,1721,8,2005,9254
250000,3.0,1828,8,2006,10732
194700,2.0,1362,6,2005,7577
204000,2.0,1302,6,2005,3901
200000,2.0,1302,6,2005,3903
207000,2.0,1362,6,2005,6289
209500,2.0,1554,8,2006,4590
209500,2.0,1554,8,2006,4590
202500,2.0,1370,8,2006,6442
280000,2.0,1577,9,2005,7841
277500,2.0,1561,9,2005,7313
318061,2.0,1869,9,2007,7820
221370,2.0,1324,8,2006,6240
200000,2.0,1405,7,2003,3242
181755,2.0,1496,6,2007,15810
176000,2.0,1536,6,2005,10237
178900,2.0,1484,6,2005,10237
168165,2.0,1458,7,2006,13204
171925,2.0,1495,6,2006,8857
198444,3.0,1746,6,2006,9729
203000,2.0,1326,6,2005,12216
179540,2.0,1456,7,2007,9018
176485,2.0,1302,7,2007,8993
181134,2.0,1340,7,2007,8899
156932,2.0,1412,6,2006,8499
166000,2.0,1504,6,2007,8229
177594,2.0,1456,7,2007,7713
173500,2.0,1258,7,2007,7697
172500,3.0,1258,7,2006,3922
194201,3.0,1402,7,2006,3922
226500,3.0,1589,8,2003,3621
185485,2.0,1266,7,2007,3710
259000,3.0,1530,7,2004,14572
188500,2.0,1119,7,2004,16219
175000,2.0,1374,7,2004,11084
215000,2.0,1959,7,2004,11796
206580,2.0,1525,7,2006,10936
183500,2.0,1720,7,2004,8244
165500,2.0,1394,7,2003,11950
211000,2.0,1948,7,2003,7875
181000,2.0,1690,6,2000,8063
219500,2.0,1995,7,2002,8740
175000,2.0,1647,6,1999,7917
170000,2.0,1430,7,2000,9967
162000,2.0,1320,7,2003,7750
187000,2.0,1690,6,2000,9487
185000,2.0,1644,6,1999,9649
745000,3.0,4476,10,1996,15623
384500,3.0,2551,8,1997,12191
248000,3.0,2285,8,2000,11000
466500,3.0,2633,10,2001,11400
410000,3.0,3078,9,1998,10557
322500,3.0,2582,8,1998,11002
252000,3.0,2385,7,1998,10790
755000,3.0,4316,10,1994,21535
269790,2.0,2013,7,1996,9920
315750,3.0,2398,7,1996,11787
290000,3.0,2520,7,1995,9950
290000,3.0,2531,8,1995,12257
430000,2.0,3228,8,1992,12692
263000,2.0,2202,8,1992,11762
330000,3.0,2538,8,1996,9044
213133,2.0,1369,7,2007,9910
260261,3.0,1542,8,2007,11830
320000,3.0,1905,9,2006,11670
282922,3.0,1464,8,2007,15256
215000,2.0,1534,8,2006,10612
419005,3.0,1966,10,2007,12291
255000,3.0,1636,8,2006,13501
147000,3.0,1795,8,2006,9986
235876,2.0,1528,7,2007,9965
311872,3.0,1726,7,2007,9416
248328,3.0,1689,7,2007,9849
227000,3.0,1588,8,2006,10000
260000,2.0,1538,8,2005,8847
225000,2.0,1496,8,2007,9158
249000,2.0,1506,7,2005,8251
307000,2.0,1694,8,2004,10084
250000,3.0,1977,7,2006,9605
221300,3.0,1830,8,2006,8778
208900,2.0,1338,8,2007,8640
210400,2.0,1335,7,2006,9000
255000,2.0,1792,8,2007,8640
212109,2.0,1588,5,2007,10411
270000,3.0,1959,8,2006,9000
303477,2.0,2610,8,2007,9000
310013,3.0,1880,8,2007,12217
249700,3.0,1656,8,2006,11096
227875,2.0,1761,7,2007,10207
261329,2.0,1584,8,2007,10440
253000,3.0,1685,8,2006,11824
265000,3.0,2443,6,2004,10625
340000,2.0,2466,8,2004,11143
146000,0.0,1100,6,2006,7500
147000,0.0,1143,7,2006,7500
149000,2.0,1094,5,2003,12450
181000,2.0,1486,7,2006,7441
201000,2.0,1721,6,1994,8462
191750,2.0,1820,6,1993,11613
179000,2.0,1349,7,2000,8450
215000,2.0,1494,7,1998,16196
179200,2.0,1575,6,1992,8012
128000,1.0,1266,6,1980,8012
144000,2.0,884,5,1983,9180
144000,2.0,2020,5,1977,8400
120750,1.0,894,5,1977,6285
132500,2.0,970,5,1963,8480
132000,2.0,1057,5,1962,7420
132500,1.0,999,5,1962,7758
129000,2.0,1120,4,1961,6970
143900,1.0,1696,5,1962,13673
145000,2.0,1040,5,1968,7476
128500,2.0,988,5,1961,9945
125500,1.0,902,5,1967,6173
300000,2.0,2503,7,1990,19522
294000,2.0,2167,7,1974,17542
129000,2.0,1037,5,1974,10751
171000,2.0,1701,5,1975,16647
147000,2.0,1055,6,1973,12712
302000,2.0,2810,8,1990,9572
285000,2.0,2872,8,1992,10678
214000,2.0,1378,8,2004,4379
166000,2.0,1151,8,2006,3523
193800,2.0,1565,8,2006,3784
208900,2.0,1352,7,2006,4230
194000,2.0,1352,7,2006,3606
207500,2.0,1550,8,2006,5330
199900,2.0,1241,7,2006,4274
164700,2.0,1250,7,2006,4251
176500,2.0,1501,6,1999,2280
176000,2.0,1458,6,1999,3230
168500,2.0,1512,6,2000,2117
177000,2.0,1573,6,2000,2117
177000,2.0,1525,6,2000,2117
148800,2.0,1102,7,2004,5105
174000,2.0,1441,8,1999,2645
239000,2.0,1950,7,1997,7399
204000,2.0,1358,7,1999,7321
301000,2.0,2048,8,2003,8010
312500,2.0,2362,8,1998,8413
279700,2.0,1494,8,1994,9466
255000,2.0,2362,7,1980,12000
194000,2.0,1432,5,1978,16157
218000,2.0,1437,5,1976,10768
213750,2.0,1295,8,1978,3840
187000,2.0,1855,6,1976,9600
181500,2.0,1262,6,1976,9600
373000,2.0,2497,8,1981,17778
190000,2.0,2620,5,1977,18890
226000,2.0,1929,7,2001,7050
143450,2.0,1152,6,1968,11700
240050,2.0,2411,6,1970,8000
162500,2.0,1082,6,1969,8723
164000,2.0,1295,6,1968,11700
185000,2.0,1610,7,1972,11358
188500,2.0,1594,7,1993,9547
255000,2.0,2075,7,1993,10530
136905,2.0,1680,5,1976,11500
158500,2.0,1093,6,1966,10738
175500,2.0,1242,7,1973,9600
127000,1.0,1052,6,1963,10800
127000,1.0,1107,5,1967,8050
143000,1.0,1214,5,1967,10355
156000,2.0,1073,5,1965,10289
144000,1.0,1344,5,1958,9503
119000,1.0,1728,5,1964,10624
103000,3.0,1224,4,1964,10899
139900,1.0,1422,5,1960,12342
151500,1.0,958,6,1960,12772
126500,2.0,1065,5,1960,8892
145000,1.0,1138,6,1958,10482
120000,1.0,912,5,1958,7535
124000,2.0,1074,5,1956,7450
106500,1.0,882,5,1959,8339
140500,2.0,1187,5,1961,14357
137500,2.0,964,5,1961,8243
117600,1.0,894,5,1960,8680
163500,2.0,1200,7,1966,8800
161000,2.0,1042,6,1965,9200
158000,1.0,1302,6,1964,9350
224500,2.0,2154,6,1964,8800
147000,1.0,1374,6,1964,11382
200000,2.0,1652,6,1959,22002
181900,2.0,1429,6,1960,14585
150750,2.0,1327,5,1959,7388
101800,2.0,1224,4,1962,9842
124000,1.0,932,6,1950,8280
138500,2.0,908,5,1940,12172
39300,0.0,334,1,1946,5000
64500,0.0,666,3,1946,5000
64000,0.0,670,3,1945,3500
112000,1.0,808,5,1958,5175
165000,2.0,1977,6,1964,9500
144000,1.0,1150,5,1955,9600
137000,2.0,1920,5,1948,11345
105000,1.0,1376,5,1941,9492
146500,1.0,1644,5,1942,9480
126000,3.0,1560,5,1968,8668
175000,2.0,1280,5,1966,10050
158500,2.0,1254,6,1961,9600
114500,1.0,912,5,1958,10150
144000,1.0,1524,5,1958,11344
129000,2.0,2380,6,1965,18450
141000,1.0,936,6,1957,8760
131000,1.0,1008,5,1956,6860
142100,2.0,1053,5,1963,8250
139000,1.0,1056,5,1958,8176
157900,1.0,1442,6,1958,9750
139400,1.0,1056,5,1954,9250
150000,1.0,1244,6,1957,11988
120000,1.0,1144,5,1960,9100
174850,2.0,1721,6,1957,9736
116000,1.0,922,5,1957,9770
135000,1.0,1048,5,1956,10152
163500,2.0,1657,6,1970,12155
130000,1.0,1411,5,1955,12198
129500,1.0,1216,5,1955,10050
142000,1.0,1154,5,1953,11556
128600,2.0,1560,5,1958,8078
125000,2.0,948,6,1952,10950
136000,1.0,1040,6,1953,7942
134500,1.0,1008,5,1953,8923
127000,1.0,925,5,1956,8540
130000,2.0,1360,5,1955,7134
115000,1.0,1540,4,1955,7150
116900,1.0,925,5,1955,8400
132000,1.0,928,5,1956,13300
153000,1.0,1647,4,1953,9532
112500,1.0,924,5,1952,15783
138000,0.0,1544,4,1890,14190
135000,2.0,893,5,1949,9600
156000,1.0,1728,5,1953,12099
301600,3.0,3086,5,1935,21281
109000,1.0,1034,5,1940,10134
103200,0.0,882,4,1956,5500
128500,2.0,1281,4,1925,10284
64500,1.0,968,4,1927,10800
148000,0.0,1534,5,1895,10800
86000,1.0,691,5,1920,5400
172000,1.0,1651,7,1963,10090
120000,1.0,888,5,1961,8700
128500,1.0,952,6,1968,8300
135000,2.0,2080,5,1969,11606
122900,2.0,924,5,1949,8064
119200,1.0,1082,6,1948,11664
143000,1.0,1846,6,1949,10496
119000,1.0,988,5,1950,7200
102000,1.0,1238,5,1950,7200
129000,2.0,864,5,1950,7200
135000,1.0,1134,5,1960,7000
152000,1.0,1040,5,1959,7500
140000,1.0,1170,5,1958,7315
152000,1.0,1242,5,1960,7903
156500,1.0,1377,5,1960,8000
141000,0.0,1800,5,1961,8000
99000,1.0,925,5,1961,7000
187000,2.0,1851,6,1964,9760
169500,1.0,1812,5,1962,7590
125500,1.0,864,5,1962,6600
130000,1.0,936,5,1962,6760
103000,2.0,960,5,1926,6978
132000,2.0,1432,5,1910,9600
127500,2.0,1296,6,1927,6000
89500,1.0,1022,5,1922,4480
140000,2.0,936,5,1980,7200
99900,1.0,967,5,1920,3153
100000,1.0,1047,4,1885,10800
130000,2.0,1072,5,1940,7200
135000,2.0,1174,5,1900,9000
120000,1.0,1183,3,1948,6000
89471,2.0,1131,4,1937,5925
85000,1.0,1141,4,1900,5925
108500,1.0,960,4,1920,6000
137000,2.0,1798,4,1900,9639
110500,0.0,866,5,1945,3880
100000,2.0,968,5,1923,8520
184900,2.0,1772,8,1910,10337
145000,1.0,1642,6,1927,9863
125000,1.0,1472,5,1925,9600
114000,2.0,1232,5,1910,4571
90000,2.0,2337,5,1900,13600
144100,2.0,1650,6,1910,8398
117500,1.0,2210,6,1880,9900
124500,1.0,1358,5,1930,3600
185000,2.0,2454,7,1879,13500
133900,2.0,2291,6,1910,7200
152000,1.0,1616,6,1926,5400
153500,2.0,1559,5,1948,8100
159500,2.0,2554,7,1890,10800
87000,1.0,1248,5,1930,9439
104500,1.0,968,4,1956,8626
110000,1.0,1382,4,1949,11800
136500,1.0,1060,5,1925,6854
128250,1.0,1435,5,1950,8674
144000,2.0,1167,5,1920,8731
210000,2.0,1635,6,1923,8737
135000,1.0,1274,5,1939,6125
128000,1.0,1232,6,1939,6000
131000,2.0,1218,6,1941,6000
113000,1.0,884,5,1939,6120
126000,2.0,1409,6,1938,6240
132000,1.0,1322,5,1939,6240
131750,1.0,1426,5,1930,6240
132500,2.0,1281,5,1926,6120
137500,1.0,1513,5,1920,6120
132000,2.0,854,7,1929,6120
127500,1.0,1367,6,1931,6240
102000,1.0,986,6,1926,6180
200000,1.0,2264,6,1918,7755
180500,2.0,1824,6,1919,13515
165000,2.0,1376,6,1920,8850
90000,2.0,1316,5,1926,8550
153575,1.0,1396,6,1915,8730
140000,2.0,1344,7,1929,5700
136000,1.0,2526,6,1916,8520
113000,1.0,1173,5,1901,5680
117000,1.0,1214,5,1901,5680
169500,1.0,1818,7,1931,7758
139400,1.0,1108,7,1930,7449
202500,2.0,2294,6,1963,13200
127000,0.0,1355,6,1914,6882
141000,1.0,1375,6,1937,9000
212300,1.0,1952,7,1950,9780
161000,2.0,2180,6,1915,10320
99500,2.0,1315,4,1958,4330
101000,1.0,1111,5,1920,7200
109900,2.0,1196,4,1916,4800
128500,2.0,1382,5,1941,12358
122000,1.0,1889,7,1910,10120
87000,0.0,840,5,1930,4388
50000,1.0,1484,4,1910,10320
219000,2.0,2267,7,1937,12888
200500,0.0,3086,5,1946,18030
126000,1.0,1134,5,1940,8160
108500,1.0,1282,5,1942,4484
130000,1.0,999,5,1963,11235
158450,2.0,1452,5,1964,11235
115400,2.0,1005,4,1964,14299
118500,1.0,1029,4,1961,7943
165000,2.0,1020,5,1964,14149
123000,1.0,1040,5,1966,11677
129000,1.0,913,6,1966,8400
125000,1.0,894,5,1966,7094
108000,1.0,948,5,1968,8978
119900,2.0,868,5,1971,8425
115000,1.0,897,5,1968,8665
134500,2.0,943,5,1967,8398
127000,1.0,955,5,1966,7742
129000,2.0,894,5,1968,8724
143500,2.0,1285,6,1977,8197
129000,1.0,912,5,1966,8169
187000,1.0,1375,5,1956,14175
158000,2.0,2654,5,1920,16779
112000,2.0,1416,5,1918,25339
165250,1.0,1302,7,1940,6960
150000,2.0,1299,6,1954,11375
137000,1.0,1176,5,1958,13770
89500,2.0,998,4,1945,9000
302000,2.0,1824,7,1971,115149
182000,2.0,1522,6,1984,11075
211000,2.0,2060,6,1988,10029
216000,2.0,1325,5,1948,17541
130000,2.0,1630,5,1953,22692
109900,1.0,1242,4,1946,17808
255000,2.0,2422,6,1954,12671
243000,2.0,2158,6,1950,12615
154000,1.0,1626,6,1954,10512
118000,1.0,864,5,1958,5400
80000,1.0,943,4,1958,11515
150000,0.0,1440,4,1977,7711
86000,0.0,605,4,1920,9098
130000,1.0,1038,5,1984,3869
125000,1.0,1342,5,1951,9280
136500,1.0,1480,5,1951,11100
96000,1.0,1362,4,1920,7550
120000,1.0,1340,5,1957,9060
228500,2.0,1822,6,1984,23920
179900,2.0,1442,7,1990,10357
225000,3.0,2243,7,1990,13474
301000,2.0,2730,7,1986,10380
238000,3.0,2127,7,1991,13125
228500,2.0,1982,7,1989,11287
220000,2.0,1958,7,1994,9317
383970,3.0,2696,7,2007,9965
424870,3.0,2828,8,2006,9965
250000,3.0,1651,8,2007,9178
360000,3.0,2140,8,2006,10481
279500,3.0,1494,7,2006,10652
200141,2.0,1316,7,2007,11175
246500,3.0,1651,8,2007,10235
276000,3.0,2574,8,2007,9588
203000,2.0,1274,7,2005,8814
155835,2.0,1456,7,2006,11103
194000,3.0,1240,7,2006,8556
195400,2.0,1208,7,2007,6762
217000,3.0,1546,7,2005,11750
212999,2.0,1500,8,2006,8760
175900,2.0,1270,7,2005,7242
191000,2.0,1795,7,2005,9316
176432,2.0,1314,6,2006,9317
277000,2.0,2062,7,1988,14364
207000,2.0,1873,7,1988,8883
277000,2.0,2144,6,1958,159000
240000,2.0,1953,6,1992,53107
187500,2.0,2087,6,1966,12205
279000,2.0,1743,8,1976,20064
139500,2.0,1022,5,1994,14217
126000,1.0,990,5,1994,8775
177500,2.0,1200,6,1995,11249
175000,2.0,1308,6,1997,10021
211000,2.0,1796,6,1998,9531
146000,1.0,990,5,1994,8428
147900,1.0,1097,5,1996,16561
123600,0.0,990,4,1994,8070
204750,2.0,1786,6,1997,9337
235500,2.0,1873,7,1999,10820
217000,2.0,1753,7,1998,12352
190550,2.0,1690,7,2001,9543
217500,2.0,1842,7,2000,8826
226000,2.0,1479,7,2003,10665
180000,2.0,1668,7,2003,11317
131000,2.0,894,5,1974,11800
153500,2.0,1025,5,1976,8660
160000,2.0,1009,5,1977,9720
134900,2.0,1040,5,1977,8982
130000,1.0,907,5,1977,16300
120000,2.0,879,5,1975,9675
112500,2.0,882,5,1972,7700
122000,2.0,969,5,1975,10356
127000,2.0,864,5,1972,7200
117000,2.0,875,4,1972,7200
305900,3.0,2000,8,2004,10386
228500,2.0,2169,8,2002,9375
270000,2.0,1673,7,2000,11354
192000,2.0,1459,7,2002,8749
213000,2.0,1932,7,2003,8749
200000,2.0,1729,7,2002,8158
267000,2.0,2452,8,1998,16226
228000,2.0,1592,8,1994,11927
275000,2.0,2439,8,2001,12728
211000,2.0,1992,7,1996,15295
285000,3.0,1668,9,2002,11248
240000,2.0,2090,8,1995,10000
131500,2.0,848,6,2003,4435
246900,2.0,1341,8,1999,17227
219500,2.0,1928,7,2003,8200
185000,2.0,1337,7,2003,8450
179400,2.0,1476,7,2007,8145
213500,2.0,1797,7,2006,9245
179600,2.0,1422,7,2004,8500
173500,2.0,1190,7,2005,8769
167840,2.0,1330,6,2006,8334
168675,2.0,1491,7,2006,8333
167000,2.0,1536,5,2005,9045
140000,2.0,1214,5,1965,9170
118500,1.0,936,5,1967,9825
110000,2.0,1088,4,1963,8308
94750,1.0,960,4,1965,10921
122000,2.0,1351,5,1925,16287
110000,2.0,1179,6,1960,8240
118500,0.0,816,6,1990,11841
133500,2.0,1044,6,1976,6285
148000,1.0,1113,6,1976,7917
141000,2.0,2233,5,1979,9555
155000,2.0,1125,5,2006,8536
157000,2.0,1090,5,2005,7024
171500,2.0,1408,5,2005,7023
140000,2.0,1072,6,2005,3675
131750,1.0,960,5,1959,6400
61500,0.0,1152,4,1955,6882
111000,1.0,948,4,1954,10215
98500,0.0,1195,5,1946,8741
79000,0.0,774,3,1931,4270
108500,1.0,865,6,1920,10042
110000,2.0,894,4,1954,9450
112000,1.0,1346,4,1910,11767
125000,1.0,768,4,1955,8172
79275,2.0,864,4,1955,8172
119000,1.0,948,4,1954,8190
200000,0.0,3395,6,1914,10896
150000,0.0,2592,5,1923,10890
165000,1.0,1502,6,1923,10592
96500,1.0,789,5,1926,10594
136500,1.0,1422,5,1926,7223
146500,1.0,1298,6,1921,6821
175000,1.0,1768,5,1937,7200
148500,1.0,1098,7,1930,4000
141500,1.0,1436,6,1921,6720
189950,1.0,1426,7,1918,7642
135000,1.0,1461,6,1926,7155
164000,1.0,1646,7,1941,7128
90350,1.0,694,5,1913,4280
139000,2.0,1250,5,1910,5362
119750,1.0,954,5,1938,6305
145000,2.0,1958,6,1946,7136
145000,3.0,2002,5,1949,6270
238000,2.0,1718,7,1927,7230
153500,2.0,1226,5,1951,13108
239000,3.0,2624,6,1918,22420
359100,2.0,3194,8,1934,12168
188000,1.0,1755,4,1930,7810
220000,2.0,1991,6,1932,11275
140000,2.0,1355,5,1941,6221
315000,2.0,2727,8,1932,10570
259500,1.0,2320,6,1945,7259
257500,2.0,1839,6,1957,14442
219500,1.0,1740,7,1940,13125
217000,2.0,2259,6,1953,21000
201000,2.0,1560,6,1960,25485
215000,2.0,1488,6,1968,21579
123900,2.0,1045,6,1980,1782
170000,2.0,1680,4,1995,17871
200000,2.0,1020,8,1988,3907
198000,2.0,1696,7,1971,20693
200624,2.0,2515,6,1957,32668
315000,2.0,2726,8,1986,18044
115000,0.0,1517,5,1919,8500
141000,2.0,1215,6,1940,7000
87000,2.0,803,5,1941,5000
129850,0.0,1601,5,1925,7288
100000,1.0,1123,4,1939,6060
75200,1.0,816,5,1922,3672
118400,1.0,1012,6,1920,8263
67000,1.0,1077,5,1920,8967
152000,1.0,1558,5,1950,13710
68104,1.0,845,2,1939,11067
119600,0.0,1991,5,1895,8250
140000,2.0,1073,4,1957,6565
124900,1.0,1001,5,1930,6060
375000,2.0,1625,8,2006,5568
235000,2.0,1625,8,2006,4750
183500,2.0,1299,6,1979,12150
156000,2.0,912,6,1978,7540
134000,2.0,1080,6,1983,9187
215000,3.0,1392,5,2002,10000
245000,2.0,1409,7,2002,12864
210000,2.0,1478,7,1991,9928
148000,1.0,918,7,1975,8750
143000,2.0,1026,6,1974,8410
244000,2.0,1501,7,1987,4054
330000,1.0,1502,7,1998,9763
170000,1.0,1328,5,1959,16905
257000,2.0,2279,6,1958,19958
231713,2.0,1689,7,2006,8368
267300,2.0,1564,8,2006,8298
265900,2.0,1484,8,2006,9037
239000,3.0,1571,8,2007,10991
248900,3.0,1646,8,2006,10656
174000,2.0,1240,7,1985,10331
187500,2.0,1717,7,1990,13758
204000,2.0,1756,6,1996,9303
180500,2.0,1312,8,2001,6718
187500,2.0,1146,7,2003,9590
282000,3.0,1922,8,2002,11305
178000,2.0,1491,6,1996,7777
270000,3.0,1629,8,2002,14536
279900,2.0,2486,7,2003,11800
186700,3.0,1572,5,1963,35133
283463,3.0,1776,8,2006,15306
392000,3.0,1824,10,2006,12633
281213,3.0,2482,8,2005,12665
147000,0.0,1120,5,2007,8402
130000,4.0,2034,3,1953,43500
140000,2.0,936,6,1996,6710
132250,2.0,1040,4,1963,25286
143000,2.0,1632,5,1967,25000
168000,4.0,1622,4,1961,32463
129900,2.0,1060,5,1976,4224
134000,2.0,1142,5,1976,4224
85500,1.0,1092,4,1972,1504
106500,1.0,992,4,1970,1533
93900,0.0,1092,4,1970,1495
75000,1.0,1092,4,1970,2001
84500,0.0,630,4,1970,1936
75190,1.0,1092,4,1976,1890
146800,2.0,1062,6,1976,11333
153500,2.0,1008,5,1977,9129
188000,2.0,1356,6,1977,15957
196000,2.0,1676,5,1977,33983
157000,2.0,1432,5,1977,8286
138000,0.0,796,5,1971,6723
129500,2.0,768,5,1970,7244
80000,1.0,1608,4,1961,27697
129500,2.0,845,4,1982,7599
135000,2.0,1178,5,1976,11000
124500,1.0,816,5,1982,8314
139000,1.0,816,5,1983,11625
93500,0.0,974,5,1991,10712
124500,1.0,887,5,1984,10447
149900,2.0,1293,6,1954,11027
157500,1.0,1024,6,1956,10533
169000,3.0,1797,5,1957,11765
252000,2.0,1390,6,1957,39384
192100,2.0,1851,7,1969,11727
183500,2.0,1525,6,1997,8238
222000,2.0,2236,7,1997,13006
170000,2.0,1671,6,1995,13041
187500,2.0,1498,6,1995,13031
202000,2.0,1776,6,1996,9783
185000,2.0,1511,6,1997,11207
320000,2.0,2462,7,2005,19378
240000,3.0,1670,7,2006,14859
250000,2.0,2064,8,2005,13128
239900,3.0,1801,8,2005,10463
309000,3.0,2212,7,2005,13751
274725,2.0,2021,7,2006,23257
270000,2.0,2687,8,1994,13108
183500,2.0,1169,6,1993,8076
165600,2.0,1501,6,1993,7685
176500,2.0,1632,7,1998,9084
130000,2.0,1204,8,1987,3701
239000,2.0,1767,7,1987,5306
275000,2.0,1742,8,1985,6563
457347,3.0,2798,9,2005,16023
545224,3.0,3390,10,2006,18062
356383,3.0,2473,9,2006,12292
556581,3.0,2868,9,2005,16056
361919,3.0,2576,8,2006,12438
535000,3.0,2698,10,2006,16052
401179,3.0,2795,9,2005,15922
438780,3.0,2945,10,2006,13682
169000,2.0,2320,5,1948,14762
145000,2.0,1056,5,1955,34650
318000,2.0,1714,9,2005,8147
319000,3.0,1826,8,2005,11302
470000,3.0,2000,9,2005,18261
202500,2.0,1621,7,1984,14145
229000,3.0,2183,7,1988,13837
235000,2.0,2263,7,1977,16659
190000,2.0,1574,6,1976,18800
169000,2.0,1102,6,1980,10464
241500,2.0,1872,7,1988,10400
188900,2.0,1857,7,1978,10530
207500,2.0,1686,6,1980,10240
250000,2.0,2784,7,1978,16692
179900,2.0,1552,6,1975,11475
172000,2.0,1083,7,1976,9927
294323,2.0,2318,7,2005,9512
184500,2.0,1875,6,1975,10530
153500,2.0,1074,5,1975,10140
162900,2.0,1664,7,1976,10140
181000,2.0,1309,6,1974,10140
155000,2.0,1103,6,1974,10000
138800,1.0,1096,5,1969,15870
116050,1.0,864,4,1970,9353
88000,0.0,858,4,1971,8125
97500,2.0,874,4,1971,7200
190000,2.0,1419,6,2002,8773
105500,2.0,1092,6,1973,2760
125500,2.0,1365,5,1973,2160
83000,1.0,987,6,1973,1953
116000,1.0,1030,6,1972,1890
91500,0.0,1218,6,1971,1680
118000,1.0,1218,6,1972,1680
89000,1.0,948,6,1972,1680
108000,1.0,1092,6,1972,1680
94500,1.0,987,6,1972,1680
146300,2.0,1069,6,1975,4043
145000,1.0,1387,5,1967,7514
123000,1.0,900,5,1967,7838
137500,1.0,1055,7,1976,2280
144000,2.0,1456,6,1976,2179
315000,3.0,1980,9,2004,16737
412083,3.0,2589,9,2006,16387
342643,3.0,2596,9,2006,16259
252000,3.0,1618,8,2004,16163
465000,3.0,2076,10,2006,13891
293000,3.0,1740,7,2006,12228
415000,3.0,1868,9,2005,14780
326000,3.0,1850,9,2004,16033
325300,3.0,2376,8,2005,14215
309000,3.0,2452,8,2004,13418
300000,3.0,2206,9,2005,13975
275500,3.0,2098,8,2005,10240
338500,2.0,2091,9,2005,9942
345000,3.0,2324,9,2005,11924
344133,2.0,2253,8,2005,12867
298236,3.0,2389,8,2006,10672
329900,3.0,2358,8,2005,11643
360000,3.0,1944,9,2003,12378
281000,3.0,1970,8,2006,11065
372397,3.0,1792,9,2005,13758
378000,3.0,1780,9,2004,14828
374000,3.0,1792,9,2003,11846
437154,3.0,2728,9,2005,20431
275000,2.0,1904,8,2005,10927
279000,3.0,1914,8,2004,13215
185850,2.0,1364,7,2005,7052
282500,2.0,1565,9,2005,5911
202500,2.0,1368,7,2005,6955
202665,2.0,1368,7,2005,6792
332200,3.0,1686,9,2006,7740
310090,2.0,1666,9,2006,6373
171750,2.0,1405,7,2003,3136
169990,2.0,1316,6,2005,10237
170440,2.0,1456,6,2005,10237
169985,2.0,1492,7,2006,10237
179665,2.0,1496,7,2006,17104
219210,3.0,1863,7,2006,14054
174190,2.0,1326,6,2006,11660
172785,2.0,1456,6,2006,15578
258000,3.0,2373,8,2004,11631
185101,2.0,1492,7,2006,9073
210250,2.0,1364,7,2006,3087
234000,2.0,1557,7,2003,3196
215000,2.0,1456,8,2003,3196
246990,2.0,1511,7,2002,2938
178740,2.0,1414,7,2004,3072
225000,2.0,1548,7,2004,3072
167240,2.0,1248,7,2005,3010
156820,2.0,1142,7,2005,3010
213490,2.0,1506,7,2005,3013
264561,3.0,1567,8,2006,3982
246578,3.0,1500,7,2006,4045
192140,2.0,1838,5,2005,21930
183200,2.0,1509,6,2002,7861
178000,2.0,1414,8,2004,9056
201490,2.0,1598,7,2004,9171
230500,2.0,1936,8,2000,11194
180000,2.0,1509,7,2003,7875
172400,2.0,1664,6,2000,8121
215000,2.0,1889,6,2000,8658
199900,2.0,1886,7,1998,11214
173000,2.0,1671,6,2000,10852
287602,3.0,2322,7,2006,12104
230000,2.0,2291,7,1999,8738
348000,3.0,2392,8,1997,9452
286000,3.0,1976,8,1998,9660
300000,3.0,2234,8,2000,9545
625000,3.0,3627,10,1995,35760
405000,3.0,2855,9,2000,9233
280000,2.0,1924,8,1998,12011
258000,2.0,2263,8,1998,12090
350000,3.0,2726,8,1995,10019
584500,3.0,3500,9,1993,17242
321000,3.0,2494,8,1994,10236
290000,3.0,2526,8,1994,10120
315000,3.0,2799,8,1993,12585
252000,2.0,1964,8,2005,12447
336820,3.0,1670,8,2006,15218
423000,3.0,2097,8,2005,20896
290000,2.0,1660,8,2006,10182
232000,3.0,1616,7,2005,8688
199000,2.0,1504,8,2006,10936
198600,2.0,1278,8,2006,8640
405749,3.0,2640,9,2006,13162
232600,2.0,1489,8,2006,11216
266000,3.0,1939,8,2006,10728
186500,2.0,1553,7,2005,8125
200825,2.0,1716,6,2005,8125
197000,2.0,1576,7,2006,8125
185000,2.0,1262,6,2006,7200
176000,2.0,1266,7,2005,7500
187750,2.0,1301,7,2006,7200
139500,0.0,1142,6,2005,7733
186800,2.0,1400,7,2005,11024
132000,0.0,1131,6,2005,13072
142500,2.0,1141,6,2005,13072
158000,2.0,1158,6,2004,13072
184000,2.0,1686,7,2005,7800
184900,2.0,1585,7,2005,7632
187000,2.0,1837,6,1997,8304
175900,2.0,1603,6,1992,7153
248500,2.0,1731,6,1992,9370
172000,2.0,1398,6,1990,7175
151000,2.0,1217,6,1991,7175
150000,2.0,1320,6,1994,9019
107000,1.0,1056,4,1966,8900
119900,1.0,965,5,1965,7800
129500,2.0,988,5,1962,9100
125000,2.0,1728,5,1963,9100
119500,2.0,1654,6,1977,8927
144000,2.0,1211,5,1962,9240
151000,2.0,1212,6,1977,8471
126000,1.0,984,5,1965,9308
116000,1.0,909,5,1968,8450
133500,2.0,925,5,1963,8638
120875,1.0,1024,5,1965,13052
137000,1.0,935,5,1965,13526
124000,0.0,912,5,1964,8020
135000,1.0,1236,5,1961,6993
129200,1.0,941,5,1967,8789
260000,2.0,2646,7,1974,14330
260000,2.0,2417,8,1991,16059
334000,3.0,2826,8,1992,11025
310000,3.0,2520,8,1993,14541
268000,2.0,2295,7,1992,13346
262000,3.0,1624,8,1994,12461
176400,2.0,1143,7,2004,3628
197000,2.0,1247,8,2005,3316
151000,2.0,1200,7,2005,3180
147400,2.0,1223,7,2005,2544
149900,2.0,1223,7,2005,2544
144152,2.0,1200,7,2005,3180
166000,2.0,1524,6,2000,2998
183900,2.0,1452,7,1999,3735
165000,2.0,1382,7,2000,2651
139000,2.0,1080,7,2003,4447
200000,1.0,1694,7,1997,8314
221000,2.0,1568,8,2001,7180
270000,2.0,1494,8,1995,9549
165000,2.0,1208,6,1977,11250
214000,2.0,1235,8,1980,3760
188000,2.0,1036,8,1980,3640
190000,2.0,1226,8,1980,3874
170000,2.0,1226,8,1978,3876
385000,3.0,1842,9,1981,50271
146500,2.0,1193,5,1972,13110
170000,2.0,1920,7,1968,10192
262500,2.0,2156,7,1968,20781
179900,2.0,1416,6,1968,11700
250000,2.0,2654,6,1968,11029
165150,2.0,1790,6,1972,10400
164500,2.0,1334,7,1967,10140
140000,2.0,1164,7,1969,9600
135500,1.0,980,5,1967,9750
142000,2.0,1051,5,1968,9600
155000,2.0,1770,5,1968,8640
157500,2.0,976,6,1968,9360
138500,1.0,1052,5,1968,8400
140000,1.0,898,5,1968,8400
124400,1.0,1051,5,1966,9759
158000,1.0,1141,5,1967,9600
146000,2.0,1200,5,1965,9230
190000,2.0,1993,6,1971,14803
136500,1.0,1050,5,1961,10659
129900,2.0,864,5,1958,9100
145000,2.0,1712,5,1959,8393
185900,1.0,1565,6,1965,8800
160000,1.0,1251,6,1964,8800
167000,2.0,1488,6,1964,10368
157500,2.0,1440,5,1964,9350
140000,1.0,1095,6,1958,10382
150000,2.0,1053,5,1958,8973
151500,1.0,1248,5,1960,10800
129800,1.0,816,6,1934,8550
137000,1.0,1008,5,1954,11425
137000,1.0,1043,5,1947,9724
121600,1.0,1230,4,1946,4712
85500,0.0,869,4,1923,5900
79900,2.0,747,4,1926,5825
127000,2.0,1252,5,1908,7438
161000,2.0,1433,5,1961,9600
146500,1.0,1624,5,1952,10858
135000,1.0,1216,5,1951,9600
137900,2.0,2136,5,1951,10680
133000,1.0,1578,6,1941,9490
137000,1.0,1728,5,1949,9462
121000,1.0,936,5,1954,9888
119000,2.0,1584,5,1967,8917
172000,2.0,1246,6,1964,12700
98600,2.0,1235,5,1961,8500
226000,2.0,2157,7,1966,14200
118000,1.0,1128,5,1954,9000
235000,2.0,3112,8,1918,25419
135000,2.0,1008,6,1963,9723
132500,2.0,1190,5,1962,7728
143000,1.0,1144,5,1959,8163
132000,1.0,1364,5,1957,8400
145250,1.0,1383,6,1960,11600
162000,2.0,1336,6,1958,9610
148000,1.0,1370,5,1956,10000
141000,1.0,1092,5,1957,14850
153000,1.0,1124,6,1956,10152
134450,1.0,1236,5,1957,10011
135960,2.0,943,5,1979,7032
156000,1.0,1050,6,1954,8092
140000,2.0,1375,6,1954,11310
139500,1.0,1008,5,1952,12778
155000,2.0,1575,6,1951,10170
127000,2.0,1145,5,1956,7700
133500,1.0,1005,5,1956,11050
125000,1.0,1056,5,1955,13600
142000,1.0,884,5,1951,15428
167000,3.0,2039,7,1941,21299
159000,2.0,1384,5,1956,13300
180000,3.0,2640,5,1925,22136
127000,2.0,1312,6,1947,7500
112000,1.0,1310,6,1924,7000
99800,1.0,713,3,1930,10410
117000,1.0,833,5,1954,5400
108480,1.0,1073,5,1921,5400
68000,2.0,715,3,1929,10914
86900,1.0,720,4,1900,7008
120000,2.0,1130,5,1920,10800
155500,2.0,1595,6,1915,7200
80000,2.0,1760,4,1910,10818
105000,3.0,1214,3,1915,10410
160000,2.0,2414,5,1900,10800
170000,2.0,1466,5,1936,10800
160000,2.0,1324,6,1965,8658
159950,2.0,1086,5,1966,13400
165000,1.0,1146,6,1963,10184
159000,2.0,1734,6,1962,9786
147000,1.0,1207,6,1962,9510
115000,1.0,912,5,1964,7800
159500,2.0,1194,6,1959,8910
120000,1.0,864,6,1959,7332
129900,1.0,816,5,1957,7100
183000,2.0,1773,6,1961,10800
157500,2.0,1472,7,1959,11650
277500,2.0,2448,7,1962,18275
207500,1.0,1600,5,1957,16321
147500,1.0,1521,4,1950,12144
135000,0.0,1192,4,1949,10800
109500,2.0,1040,5,1950,7200
109900,2.0,1040,4,1950,7200
133700,1.0,1040,5,1959,7560
81400,2.0,1040,3,1950,8544
87500,2.0,1040,3,1949,8544
93500,2.0,1040,3,1950,8544
119000,0.0,1556,5,1960,8512
141000,1.0,1150,5,1959,7945
146000,1.0,1150,5,1961,7000
155000,2.0,1348,6,1966,7590
134500,1.0,999,5,1962,10205
120000,2.0,1045,7,1962,7400
105000,1.0,864,5,1962,7000
124000,0.0,1025,5,1962,7000
169000,2.0,2014,5,1900,9856
107000,1.0,1328,4,1925,9906
135000,1.0,1668,5,1948,9600
111500,1.0,1657,4,1920,5520
156500,2.0,1416,6,1900,9600
178000,2.0,1641,7,1925,9600
139900,2.0,1428,7,1900,6451
105000,1.0,1004,7,1930,3960
110000,1.0,813,6,1930,5684
111500,2.0,1951,4,1900,7745
108000,1.0,1032,6,1924,7741
111500,1.0,844,5,1925,5633
124000,1.0,1750,5,1880,9000
105000,1.0,864,4,1950,7200
116000,2.0,1118,6,1920,4400
96900,1.0,1376,3,1905,7614
135500,2.0,960,5,1955,6000
139000,2.0,1566,5,1924,6000
61500,1.0,492,3,1921,7830
120000,1.0,1182,6,1945,9576
126175,1.0,1163,3,1955,5820
64000,1.0,840,3,1920,5747
137000,1.0,1928,6,1910,9142
87000,3.0,1774,4,1900,9600
163000,2.0,1768,7,1914,10800
155000,2.0,2104,7,1910,6300
79000,1.0,1440,5,1900,5000
144000,1.0,1690,7,1916,8850
114504,1.0,1368,6,1910,3600
157000,2.0,1762,7,1920,7200
125000,1.0,1200,6,1923,11340
475000,3.0,3608,10,1892,22950
93500,0.0,1248,5,1920,5976
125000,2.0,960,5,1958,9750
64500,0.0,1020,3,1918,4761
100000,0.0,788,4,1941,7446
140200,1.0,1577,6,1939,6435
202500,1.0,1827,6,1924,11737
159000,2.0,1664,6,1947,5000
119900,2.0,1118,5,1939,7800
114500,2.0,1176,6,1934,6240
115000,1.0,1344,5,1936,6240
75000,1.0,1162,3,1930,6120
88000,1.0,1015,5,1925,6120
80500,0.0,912,4,1947,6240
149000,1.0,1576,5,1928,6240
110000,1.0,1324,5,1930,6120
110500,2.0,1103,6,1925,6000
89000,1.0,616,5,1921,6000
113000,1.0,1048,5,1922,6380
109000,1.0,816,5,1925,11672
220000,2.0,2486,6,1962,33120
129000,2.0,960,4,1970,9873
117000,1.0,1635,6,1910,5310
52500,0.0,693,4,1941,4118
107000,2.0,1430,4,1924,10320
116500,1.0,1330,5,1910,7518
72000,0.0,819,5,1919,9000
119500,1.0,1376,6,1937,8600
125500,1.0,1360,5,1938,7200
91000,1.0,1077,3,1922,9786
84500,0.0,754,6,1935,6780
90000,1.0,984,6,1930,7200
137500,1.0,1422,5,1951,12375
150000,2.0,1921,6,1964,11136
131000,2.0,1640,5,1950,21370
130000,1.0,1352,5,1958,6930
125000,1.0,1032,5,1935,8250
80000,1.0,879,5,1936,5220
157000,1.0,1073,7,2004,5500
148000,2.0,1382,4,1963,11235
90000,2.0,1296,4,1967,10791
154500,1.0,1068,6,1963,8414
153600,2.0,1064,5,1967,11327
164500,2.0,1320,5,1966,11777
132000,1.0,934,6,1964,10366
142500,1.0,1059,5,1966,9000
158000,1.0,1159,5,1968,11553
149500,2.0,1400,6,1978,7844
165000,2.0,1458,5,1967,9535
180000,2.0,1721,5,1968,10335
160500,2.0,1040,6,1978,7176
156500,2.0,1967,5,1977,9662
157000,2.0,1949,5,1977,8235
172500,2.0,1920,5,1958,13650
155000,2.0,1803,5,1957,13125
170000,2.0,1779,5,1955,17920
105000,1.0,872,5,1924,17529
145000,1.0,960,4,1965,10246
168000,2.0,1437,5,1956,14175
278000,2.0,1830,7,1967,20355
164000,2.0,1000,5,1963,13050
225000,2.0,2287,7,1953,15593
130000,2.0,810,5,1971,10820
142500,2.0,894,5,1974,13350
148400,1.0,1700,7,1980,1700
190000,2.0,1453,7,1986,5271
146000,2.0,1350,4,1954,9375
128000,1.0,1150,5,1942,6488
225000,1.0,2008,5,1948,7800
274970,2.0,2201,6,1966,19690
235000,3.0,2009,6,1928,19950
415000,2.0,3672,6,1935,19800
182000,2.0,1560,5,1962,11679
135000,2.0,1488,5,1952,12048
137000,1.0,1057,5,1955,10519
136900,1.0,1855,6,1954,9525
149900,1.0,1609,6,1953,9525
123500,1.0,1148,5,1952,6420
93000,0.0,1124,5,1954,8335
91500,1.0,1456,5,1948,7585
180000,2.0,1298,6,1985,11200
209000,2.0,2559,6,1989,12128
215000,2.0,1911,8,1993,9554
224500,4.0,1440,6,1993,9069
229800,3.0,1876,7,2005,11003
183600,2.0,1208,7,2005,7488
194000,2.0,1220,7,2006,7406
193879,2.0,1294,7,2006,6762
221500,3.0,1614,7,2005,11210
204900,2.0,1498,7,2006,8990
239799,3.0,1962,7,2006,8760
233555,2.0,1846,6,2006,13377
260000,2.0,1734,7,2005,11645
294900,3.0,1590,8,2005,11645
209700,2.0,1809,7,2005,10984
225000,2.0,1614,7,2005,9316
181000,2.0,1596,7,2005,9316
220000,2.0,1915,8,1992,10041
190000,2.0,1582,5,1964,36500
180000,2.0,988,6,1969,21453
280000,2.0,1533,7,1975,70761
158900,2.0,1388,6,1968,12000
148000,2.0,914,5,1996,8846
145000,2.0,1100,5,1996,13015
187000,2.0,1499,6,1995,12438
193000,2.0,1425,7,1998,8685
156000,2.0,990,5,1995,13568
235000,2.0,1525,7,2000,9100
217000,2.0,1494,6,1997,9236
214000,2.0,1588,7,1999,10264
196000,2.0,1749,7,1999,9272
217000,2.0,1779,7,1999,13426
200000,2.0,1861,7,2002,13450
192500,2.0,1776,7,2002,14006
205000,3.0,1541,7,2001,13704
132500,2.0,954,5,1976,10780
157500,1.0,1388,6,1977,8340
174000,3.0,1282,6,1978,10385
128500,1.0,971,5,1969,9920
128500,1.0,864,5,1972,9560
149900,2.0,894,5,1972,9800
119900,1.0,864,5,1972,7200
137000,2.0,1320,6,1993,3612
255000,2.0,1989,8,2002,11367
222000,2.0,1762,7,2002,9930
214000,2.0,1755,6,1999,9468
220000,2.0,1358,8,2002,11088
275000,3.0,1787,8,2001,14781
197000,2.0,1909,7,2002,8726
230000,3.0,1654,7,2002,8125
268500,3.0,2214,8,1999,10566
210900,2.0,2049,7,1996,21533
227000,3.0,1939,7,1998,11250
237000,2.0,1995,7,1995,11250
274300,2.0,2097,7,1998,9750
216837,2.0,1836,7,2004,9100
133000,2.0,848,6,2003,4435
155900,2.0,848,6,2004,4435
233230,2.0,1919,8,2006,15611
207000,2.0,1390,7,2003,8810
195000,2.0,1948,7,2004,12393
200000,2.0,1700,6,2003,9135
203160,2.0,1737,7,2006,8581
195800,2.0,1611,7,2005,8400
212900,3.0,1552,7,2005,10084
196500,2.0,1720,7,2004,11645
198000,2.0,1336,7,2005,8772
173900,2.0,1500,6,2005,8846
163990,2.0,1456,6,2005,8461
164990,2.0,1310,7,2005,8767
98000,2.0,1436,4,1910,8777
149900,2.0,1466,5,1959,17755
102000,2.0,1220,4,1951,8877
127500,0.0,1012,6,1975,7840
127500,0.0,980,6,1975,9400
119900,1.0,1176,5,1969,16133
196500,2.0,1724,7,2003,7162
117250,0.0,914,6,2002,8050
229000,2.0,2314,7,2003,11060
145000,2.0,1072,5,2005,3675
140000,2.0,1072,6,2005,3675
142500,2.0,1072,6,2005,3675
134000,2.0,1709,7,2004,2522
130000,2.0,1709,7,2004,2522
130000,2.0,1709,6,2004,2522
137500,2.0,1709,7,2004,2522
130000,2.0,1708,7,2004,3363
97900,1.0,936,4,1948,6956
92000,2.0,1338,6,1915,7822
107000,1.0,1669,4,1924,8707
81000,0.0,1184,5,1910,8410
104900,1.0,1221,5,1924,9738
115000,2.0,864,5,1955,8172
125000,2.0,1482,4,1954,16012
116000,1.0,1250,5,1918,8248
83000,0.0,1414,4,1922,8248
118500,1.0,2230,4,1912,6204
35000,1.0,498,2,1922,8088
121000,1.0,1273,4,1910,11388
160000,0.0,1928,5,1916,7082
140000,1.0,1595,6,1940,8400
137000,1.0,1551,5,1938,10890
128000,1.0,1340,6,1945,6430
160000,1.0,1479,7,1926,7000
138887,1.0,1784,5,1914,13132
149000,1.0,1510,6,1920,4899
102000,0.0,1522,5,1926,6000
167000,1.0,1636,7,1919,9399
200100,1.0,1802,7,1920,7588
131000,1.0,1465,5,1939,10164
112000,1.0,1288,5,1941,6191
140000,3.0,1717,7,1915,9550
195000,1.0,1550,6,1920,21780
230000,2.0,1517,8,1929,11435
194000,1.0,1717,5,1940,12400
137500,1.0,1180,4,1922,11600
250000,1.0,2057,7,1936,11500
218000,2.0,1671,7,1929,8170
239000,2.0,2345,6,1932,16560
199500,3.0,1609,7,1932,12320
210000,2.0,1801,6,1930,14210
230000,2.0,1811,6,1956,14115
217500,2.0,1647,5,1977,12984
257000,1.0,2315,5,1950,15600
157000,1.0,1336,5,1953,15750
223000,2.0,1844,6,1969,16381
102000,1.0,976,5,1942,7288
145400,2.0,1285,6,1926,7000
72000,0.0,672,4,1925,8534
85000,1.0,641,4,1925,7030
106500,1.0,951,4,1936,8765
139000,1.0,1638,6,1957,9060
108000,1.0,1336,4,1920,11040
51689,0.0,729,3,1945,12366
35311,1.0,480,2,1949,9000
115000,0.0,1396,5,1951,9000
78000,0.0,936,3,1916,8520
375000,2.0,1778,8,2005,5748
300000,2.0,1646,8,2004,3842
242500,2.0,1625,6,1979,23580
145000,2.0,1664,6,1978,8385
209000,2.0,1491,8,2001,9116
135000,2.0,1004,6,1977,10530
148000,2.0,1210,6,1975,11080
171000,3.0,1959,7,1988,11070
335000,2.0,2519,7,1989,26178
230000,1.0,1295,7,1986,8239
250764,2.0,1650,6,1958,50102
228000,2.0,1707,8,1981,16669
176000,2.0,1137,6,1987,13811
180000,2.0,1339,7,1990,8049
250000,2.0,2514,7,1990,11170
202000,2.0,1403,6,2000,8098
312500,3.0,1800,8,2002,14331
320000,3.0,1960,8,2005,13618
369900,3.0,2028,8,2005,11443
359900,3.0,1838,9,2005,11577
81500,1.0,1600,1,1951,31250
215000,4.0,1368,7,1997,7020
164000,2.0,1216,6,1998,4500
153500,2.0,1337,6,1998,4500
84500,0.0,1140,5,2006,17217
104500,1.0,1304,5,1977,2665
127000,1.0,1475,5,1977,2665
151400,2.0,2521,6,1973,3964
126500,1.0,874,5,1968,10172
146500,3.0,1652,5,1970,11836
73000,0.0,630,4,1970,1470
79400,1.0,1092,4,1972,1484
140000,1.0,1360,5,1969,13384
92000,0.0,630,5,1970,1533
87550,1.0,1092,4,1970,1533
79500,0.0,1092,4,1970,1526
90500,0.0,1092,4,1970,1936
71000,1.0,1092,4,1970,1894
150900,2.0,1728,6,1976,12640
188000,2.0,1728,5,1976,9297
160000,2.0,1126,5,1977,17400
131000,2.0,1224,5,1960,20000
142500,2.0,1003,6,1984,7937
131000,2.0,902,5,1983,8885
132000,0.0,970,5,1992,10441
170000,2.0,1389,5,1974,10010
188000,3.0,2000,7,1993,9627
